time,oat,motor_status,difference_oat_and_con_temp
Apr 1 2011 12:00:01 AM,23.41,22,13.82,20
Apr 1 2011 12:30:01 AM,23.41,22,12.72,0
Apr 1 2011 01:00:01 AM,23.41,22,12.68,27.1
Apr 1 2011 01:30:01 AM,23.41,22,13.62,0
Apr 1 2011 02:00:01 AM,23.41,22,13.81,0
Apr 1 2011 02:30:01 AM,23.41,22,12.67,0
Apr 1 2011 03:00:01 AM,23.41,22,12.34,0
Apr 1 2011 03:30:01 AM,23.41,22,13.66,0
Apr 1 2011 04:00:01 AM,23.41,22,13.6,0
Apr 1 2011 04:30:01 AM,23.41,22,12.38,20
Apr 1 2011 05:00:01 AM,23.41,22,13.47,0
Apr 1 2011 05:30:01 AM,23.41,22,13.72,38.4
Apr 1 2011 06:00:01 AM,23.41,22,12.57,0
Apr 1 2011 06:30:01 AM,23.41,22,12.19,0
Apr 1 2011 07:00:01 AM,23.41,22,13.14,0
Apr 1 2011 07:30:01 AM,23.41,22,13.79,0
Apr 1 2011 08:00:01 AM,23.41,22,12.83,20.5
Apr 1 2011 08:30:01 AM,23.41,22,13.65,0
Apr 1 2011 09:00:01 AM,23.41,22,13.26,0
Apr 1 2011 09:30:01 AM,23.75,22,13.94,0
Apr 1 2011 10:00:01 AM,23.75,22,13.83,0
Apr 1 2011 10:30:01 AM,23.75,22,14.01,0
Apr 1 2011 11:00:01 AM,24.09,22,13.64,5.4
Apr 1 2011 11:30:01 AM,24.43,22,13.46,0
Apr 1 2011 12:00:01 PM,24.43,22,12.88,39.7
Apr 1 2011 12:30:01 PM,24.77,22,13.28,0
Apr 1 2011 01:00:01 PM,24.77,22,14.12,39.2
Apr 1 2011 01:30:01 PM,24.77,22,13.6,0
Apr 1 2011 02:00:01 PM,24.77,22,13.1,0
Apr 1 2011 02:30:01 PM,24.77,22,14,0
Apr 1 2011 03:00:01 PM,24.77,22,13.29,0
Apr 1 2011 03:30:01 PM,24.77,22,12.84,26.1
Apr 1 2011 04:00:01 PM,24.77,22,14.1,0
Apr 1 2011 04:30:01 PM,24.77,22,12.99,0
Apr 1 2011 05:00:01 PM,24.77,22,12.77,0
Apr 1 2011 05:30:01 PM,24.77,22,14.05,0
Apr 1 2011 06:00:01 PM,24.77,22,13.94,37.8
Apr 1 2011 06:30:01 PM,24.77,22,12.85,0
Apr 1 2011 07:00:01 PM,24.77,22,12.9,0
Apr 1 2011 07:30:01 PM,24.77,22,12.52,0
Apr 1 2011 08:00:01 PM,24.77,22,12.79,0
Apr 1 2011 08:30:01 PM,24.77,22,12.74,19.8
Apr 1 2011 09:00:01 PM,24.77,22,13.04,0
Apr 1 2011 09:30:01 PM,24.77,22,13.75,20
Apr 1 2011 10:00:01 PM,24.77,22,13.9,0
Apr 1 2011 10:30:01 PM,24.77,22,13.75,0
Apr 1 2011 11:00:01 PM,24.77,22,13.05,0
Apr 1 2011 11:30:01 PM,24.77,22,12.63,0
Apr 2 2011 12:00:01 AM,24.77,22,13.68,36.7
Apr 2 2011 12:30:01 AM,24.77,22,13.81,0
Apr 2 2011 01:00:01 AM,24.77,22,13.32,32.2
Apr 2 2011 01:30:01 AM,24.77,22,12.56,0
Apr 2 2011 02:00:01 AM,24.77,22,12.59,36.6
Apr 2 2011 02:30:01 AM,24.77,22,13.83,0
Apr 2 2011 03:00:01 AM,24.77,22,13.92,33
Apr 2 2011 03:30:01 AM,24.77,22,12.69,0
Apr 2 2011 04:00:01 AM,24.77,22,13.56,0
Apr 2 2011 04:30:01 AM,24.77,22,13.88,37.1
Apr 2 2011 05:00:01 AM,24.77,22,12.82,0
Apr 2 2011 05:30:01 AM,24.77,22,13.23,0
Apr 2 2011 06:00:01 AM,24.77,22,13.68,0
Apr 2 2011 06:30:01 AM,24.77,22,12.93,0
Apr 2 2011 07:00:01 AM,24.77,22,12.48,0
Apr 2 2011 07:30:01 AM,24.77,22,13.28,36.7
Apr 2 2011 08:00:01 AM,24.77,22,13.83,0
Apr 2 2011 08:30:01 AM,24.77,22,13.2,0
Apr 2 2011 09:00:01 AM,24.77,22,13.24,36.7
Apr 2 2011 09:30:01 AM,24.77,22,13.75,0
Apr 2 2011 10:00:01 AM,24.77,22,13.47,0
Apr 2 2011 10:30:01 AM,24.77,22,13.24,36.4
Apr 2 2011 11:00:01 AM,24.77,22,13.15,0
Apr 2 2011 11:30:01 AM,24.77,22,14.33,20
Apr 2 2011 12:00:01 PM,24.77,22,14.39,0
Apr 2 2011 12:30:01 PM,24.77,22,14.74,0
Apr 2 2011 01:00:01 PM,24.77,22,13.49,36.8
Apr 2 2011 01:30:01 PM,24.77,22,14.01,0
Apr 2 2011 02:00:01 PM,24.77,22,14.31,35.9
Apr 2 2011 02:30:01 PM,24.77,22,14.53,0
Apr 2 2011 03:00:01 PM,24.77,22,14.61,36.3
Apr 2 2011 03:30:01 PM,24.77,22,14.32,0
Apr 2 2011 04:00:01 PM,24.77,22,14.23,0
Apr 2 2011 04:30:01 PM,24.77,22,14.48,0
Apr 2 2011 05:00:01 PM,24.77,22,14.28,0
Apr 2 2011 05:30:01 PM,24.77,22,14.4,0
Apr 2 2011 06:00:01 PM,24.77,22,14.06,37.1
Apr 2 2011 06:30:01 PM,24.77,22,13.83,0
Apr 2 2011 07:00:01 PM,24.77,22,13.6,0
Apr 2 2011 07:30:01 PM,24.77,22,14.65,0
Apr 2 2011 08:00:01 PM,24.77,22,13.52,0
Apr 2 2011 08:30:01 PM,24.77,22,13.75,0
Apr 2 2011 09:00:01 PM,24.77,22,14.19,0
Apr 2 2011 09:30:01 PM,24.77,22,14.09,20
Apr 2 2011 10:00:01 PM,24.77,22,14.18,0
Apr 2 2011 10:30:01 PM,24.77,22,14.16,37.2
Apr 2 2011 11:00:01 PM,24.77,22,13.81,0
Apr 2 2011 11:30:01 PM,24.77,22,14.2,37.9
Apr 3 2011 12:00:01 AM,24.77,22,13.64,0
Apr 3 2011 12:30:01 AM,24.77,22,13.41,0
Apr 3 2011 01:00:01 AM,24.77,22,13.45,0
Apr 3 2011 01:30:01 AM,24.77,22,14.25,0
Apr 3 2011 02:00:01 AM,24.77,22,13.85,20.4
Apr 3 2011 02:30:01 AM,24.77,22,13.44,0
Apr 3 2011 03:00:01 AM,24.77,22,13.83,33.3
Apr 3 2011 03:30:01 AM,24.77,22,13.2,0
Apr 3 2011 04:00:01 AM,24.77,22,13.6,38
Apr 3 2011 04:30:01 AM,24.77,22,14.04,0
Apr 3 2011 05:00:01 AM,24.77,22,13.74,0
Apr 3 2011 05:30:01 AM,24.77,22,13.83,0
Apr 3 2011 06:00:01 AM,24.77,22,13.93,20
Apr 3 2011 06:30:01 AM,24.77,22,14.13,0
Apr 3 2011 07:00:01 AM,24.77,22,14.02,38.4
Apr 3 2011 07:30:01 AM,24.77,22,14.01,0
Apr 3 2011 08:00:01 AM,24.77,22,13.39,0
Apr 3 2011 08:30:01 AM,24.77,22,14.22,0
Apr 3 2011 09:00:01 AM,24.77,22,14.8,0
Apr 3 2011 09:30:01 AM,24.77,22,14.53,20
Apr 3 2011 10:00:01 AM,24.77,22,14.39,0
Apr 3 2011 10:30:01 AM,24.77,22,14.05,38.3
Apr 3 2011 11:00:01 AM,24.77,22,14.5,0
Apr 3 2011 11:30:01 AM,24.77,22,14.66,0
Apr 3 2011 12:00:01 PM,24.77,22,14.53,0
Apr 3 2011 12:30:01 PM,24.77,22,12.89,0
Apr 3 2011 01:00:01 PM,24.77,22,12.06,33.7
Apr 3 2011 01:30:01 PM,24.77,22,11.44,0
Apr 3 2011 02:00:01 PM,24.77,22,12.08,0
Apr 3 2011 02:30:01 PM,24.77,22,11.93,0
Apr 3 2011 03:00:01 PM,24.77,22,12.16,0
Apr 3 2011 03:30:01 PM,24.77,22,12.94,0
Apr 3 2011 04:00:01 PM,24.77,22,11.62,0
Apr 3 2011 04:30:01 PM,24.77,22,14.27,0
Apr 3 2011 05:00:01 PM,24.77,22,14.17,0
Apr 3 2011 05:30:01 PM,24.77,22,14.16,0
Apr 3 2011 06:00:01 PM,24.77,22,14.13,0
Apr 3 2011 06:30:01 PM,24.77,22,14.25,0
Apr 3 2011 07:00:01 PM,24.77,22,13.85,0
Apr 3 2011 07:30:01 PM,24.77,22,13.92,0
Apr 3 2011 08:00:01 PM,24.77,22,13.88,0
Apr 3 2011 08:30:01 PM,24.77,22,13.68,0
Apr 3 2011 09:00:01 PM,24.77,22,13.64,0
Apr 3 2011 09:30:01 PM,24.77,22,13.8,0
Apr 3 2011 10:00:01 PM,24.77,22,14.01,0
Apr 3 2011 10:30:01 PM,24.77,22,13.69,0
Apr 3 2011 11:00:01 PM,24.77,22,13.93,32
Apr 3 2011 11:30:01 PM,24.77,22,13.42,0
Apr 4 2011 12:00:01 AM,24.77,22,13.86,0
Apr 4 2011 12:30:01 AM,24.77,22,14.13,0
Apr 4 2011 01:00:01 AM,24.77,22,13.55,0
Apr 4 2011 01:30:01 AM,24.77,22,13.87,0
Apr 4 2011 02:00:01 AM,24.77,22,13.08,0
Apr 4 2011 02:30:01 AM,24.77,22,12.91,20.2
Apr 4 2011 03:00:01 AM,24.77,22,12.73,32
Apr 4 2011 03:30:01 AM,24.77,22,13.52,0
Apr 4 2011 04:00:01 AM,24.77,22,13.36,0
Apr 4 2011 04:30:01 AM,24.77,22,13.25,0
Apr 4 2011 05:00:01 AM,24.77,22,13.5,0
Apr 4 2011 05:30:01 AM,24.77,22,12.05,0
Apr 4 2011 06:00:01 AM,24.77,22,12.89,0
Apr 4 2011 06:30:01 AM,24.77,22,11.88,0
Apr 4 2011 07:00:01 AM,24.77,22,12.56,0
Apr 4 2011 07:30:01 AM,24.77,22,12.48,0
Apr 4 2011 08:00:01 AM,24.77,22,13.23,0
Apr 4 2011 08:30:01 AM,24.77,22,13.38,0
Apr 4 2011 09:00:01 AM,24.77,22,13.52,0
Apr 4 2011 09:30:01 AM,24.77,22,13.78,0
Apr 4 2011 10:00:01 AM,24.77,22,13.19,0
Apr 4 2011 10:30:01 AM,24.77,22,13.89,0
Apr 4 2011 11:00:01 AM,24.77,22,13.27,0
Apr 4 2011 11:30:01 AM,24.77,22,13.32,0
Apr 4 2011 12:00:01 PM,24.77,22,13.48,0
Apr 4 2011 12:30:01 PM,24.77,22,11.53,0
Apr 4 2011 01:00:01 PM,24.77,22,10.52,0
Apr 4 2011 01:30:01 PM,24.77,22,11.5,0
Apr 4 2011 02:00:01 PM,24.77,22,12.04,33.1
Apr 4 2011 02:30:01 PM,24.77,22,10.95,34.5
Apr 4 2011 03:00:01 PM,24.77,22,11.83,0
Apr 4 2011 03:30:01 PM,24.77,22,11.27,10.9
Apr 4 2011 04:00:01 PM,24.77,22,11.22,34
Apr 4 2011 04:30:01 PM,24.77,22,13.56,0
Apr 4 2011 05:00:01 PM,24.77,22,13.82,33.6
Apr 4 2011 05:30:01 PM,24.77,22,13.19,0
Apr 4 2011 06:00:01 PM,24.77,22,13.14,34
Apr 4 2011 06:30:01 PM,24.77,22,12.57,0
Apr 4 2011 07:00:01 PM,24.77,22,13.82,24.8
Apr 4 2011 07:30:01 PM,24.77,22,12.44,0
Apr 4 2011 08:00:01 PM,24.77,22,12.59,31.7
Apr 4 2011 08:30:01 PM,24.77,22,12.55,0
Apr 4 2011 09:00:01 PM,24.77,22,12.56,33.5
Apr 4 2011 09:30:01 PM,24.77,22,13.4,0
Apr 4 2011 10:00:01 PM,24.77,22,13.05,0
Apr 4 2011 10:30:01 PM,24.77,22,12.66,33.9
Apr 4 2011 11:00:01 PM,24.77,22,13.59,0
Apr 4 2011 11:30:01 PM,24.77,22,12.45,0
Apr 5 2011 12:00:01 AM,24.77,22,12.81,19.8
Apr 5 2011 12:30:01 AM,24.77,22,13.3,0
Apr 5 2011 01:00:01 AM,24.77,22,12.48,0
Apr 5 2011 01:30:01 AM,24.77,22,12.85,0
Apr 5 2011 02:00:01 AM,24.77,22,12.9,20
Apr 5 2011 02:30:01 AM,24.77,22,13.39,34.4
Apr 5 2011 03:00:01 AM,24.77,22,12.47,0
Apr 5 2011 03:30:01 AM,24.77,22,13.33,0
Apr 5 2011 04:00:01 AM,24.77,22,12.39,34.6
Apr 5 2011 04:30:01 AM,24.77,22,13.39,0
Apr 5 2011 05:00:01 AM,24.77,22,11.91,0
Apr 5 2011 05:30:01 AM,24.77,22,12.51,35.1
Apr 5 2011 06:00:01 AM,24.77,22,12.98,0
Apr 5 2011 06:30:01 AM,24.77,22,12.27,0
Apr 5 2011 07:00:01 AM,24.77,22,13.18,35
Apr 5 2011 07:30:01 AM,24.77,22,12.4,0
Apr 5 2011 08:00:01 AM,24.77,22,13.4,0
Apr 5 2011 08:30:01 AM,24.77,22,13.02,0
Apr 5 2011 09:00:01 AM,24.77,22,12.95,0
Apr 5 2011 09:30:01 AM,24.77,22,13.31,0
Apr 5 2011 10:00:01 AM,24.77,22,13.1,0
Apr 5 2011 10:30:01 AM,24.77,22,12.84,20
Apr 5 2011 11:00:01 AM,24.77,22,12.8,0
Apr 5 2011 11:30:01 AM,24.77,22,13.32,0
Apr 5 2011 12:00:01 PM,24.77,22,13.08,0
Apr 5 2011 12:30:01 PM,24.77,22,11.08,35.7
Apr 5 2011 01:00:01 PM,24.77,22,10.6,0
Apr 5 2011 01:30:01 PM,24.77,22,10.64,0
Apr 5 2011 02:00:01 PM,24.77,22,11.34,0
Apr 5 2011 02:30:01 PM,24.77,22,10.5,35.8
Apr 5 2011 03:00:01 PM,24.77,22,11.72,0
Apr 5 2011 03:30:01 PM,24.77,22,11.33,0
Apr 5 2011 04:00:01 PM,24.77,22,10.79,37.2
Apr 5 2011 04:30:01 PM,24.77,22,11.4,0
Apr 5 2011 05:00:01 PM,24.77,22,13.51,0
Apr 5 2011 05:30:01 PM,24.77,22,13.21,0
Apr 5 2011 06:00:01 PM,24.77,22,13.17,0
Apr 5 2011 06:30:01 PM,24.77,22,12.75,35.1
Apr 5 2011 07:00:01 PM,24.77,22,13.38,48.7
Apr 5 2011 07:30:01 PM,24.77,22,12.91,36.3
Apr 5 2011 08:00:01 PM,24.77,22,12.69,48.3
Apr 5 2011 08:30:01 PM,24.77,22,12.38,35.8
Apr 5 2011 09:00:01 PM,24.77,22,12.76,48.5
Apr 5 2011 09:30:01 PM,24.77,22,12.87,46.2
Apr 5 2011 10:00:01 PM,24.77,22,13.05,32.7
Apr 5 2011 10:30:01 PM,24.77,22,13.49,31.4
Apr 5 2011 11:00:01 PM,24.77,22,13.51,45.3
Apr 5 2011 11:30:01 PM,24.77,22,13.44,45.3
Apr 6 2011 12:00:01 AM,24.77,22,12.57,48.1
Apr 6 2011 12:30:01 AM,24.77,22,12.26,43.9
Apr 6 2011 01:00:01 AM,24.77,22,13.37,43.9
Apr 6 2011 01:30:01 AM,24.77,22,12.96,46.6
Apr 6 2011 02:00:01 AM,24.77,22,12.36,0
Apr 6 2011 02:30:01 AM,24.77,22,13.63,0
Apr 6 2011 03:00:01 AM,24.77,22,12.8,0
Apr 6 2011 03:30:01 AM,24.77,22,13.14,0
Apr 6 2011 04:00:01 AM,24.77,22,13.26,22.4
Apr 6 2011 04:30:01 AM,24.77,22,12.76,0
Apr 6 2011 05:00:01 AM,24.77,22,12.81,29.4
Apr 6 2011 05:30:01 AM,24.77,22,12.96,0
Apr 6 2011 06:00:01 AM,24.77,22,12.41,29.1
Apr 6 2011 06:30:01 AM,24.77,22,12.43,0
Apr 6 2011 07:00:01 AM,24.77,22,13.18,0
Apr 6 2011 07:30:01 AM,24.77,22,13.69,20
Apr 6 2011 08:00:01 AM,24.77,22,13.21,0
Apr 6 2011 08:30:01 AM,24.77,22,12.95,0
Apr 6 2011 09:00:01 AM,24.77,22,12.9,0
Apr 6 2011 09:30:01 AM,24.77,22,13.43,43.2
Apr 6 2011 10:00:01 AM,24.77,22,13.4,44.3
Apr 6 2011 10:30:01 AM,24.77,22,13.33,49.9
Apr 6 2011 11:00:01 AM,24.77,22,13.11,44.4
Apr 6 2011 11:30:01 AM,24.77,22,13.47,44.9
Apr 6 2011 12:00:01 PM,24.77,22,13.49,34
Apr 6 2011 12:30:01 PM,24.77,22,13.49,34
Apr 6 2011 01:00:01 PM,24.77,22,10.73,0
Apr 6 2011 01:30:01 PM,24.77,22,10.83,34.1
Apr 6 2011 02:00:01 PM,24.77,22,10.9,34.1
Apr 6 2011 02:30:01 PM,24.77,22,10.59,0
Apr 6 2011 03:00:01 PM,24.77,22,11.01,24.9
Apr 6 2011 03:30:01 PM,24.77,22,11.39,0
Apr 6 2011 04:00:01 PM,24.77,22,10.43,31.3
Apr 6 2011 04:30:01 PM,24.77,22,13.62,0
Apr 6 2011 05:00:01 PM,24.77,22,13.39,32.1
Apr 6 2011 05:30:01 PM,24.77,22,13.01,0
Apr 6 2011 06:00:01 PM,24.77,22,12.27,33
Apr 6 2011 06:30:01 PM,24.77,22,12.56,0
Apr 6 2011 07:00:01 PM,24.77,22,11.96,0
Apr 6 2011 07:30:01 PM,24.77,22,12.85,0
Apr 6 2011 08:00:01 PM,24.77,22,12.4,0
Apr 6 2011 08:30:01 PM,24.77,22,12.49,32
Apr 6 2011 09:00:01 PM,24.77,22,11.96,0
Apr 6 2011 09:30:01 PM,24.77,22,13.02,0
Apr 6 2011 10:00:01 PM,24.77,22,11.69,20
Apr 6 2011 10:30:01 PM,24.77,22,11.84,0
Apr 6 2011 11:00:01 PM,24.77,22,11.63,32.8
Apr 6 2011 11:30:01 PM,24.77,22,11.56,0
Apr 7 2011 12:00:01 AM,24.77,22,11.66,0
Apr 7 2011 12:30:01 AM,24.77,22,12.47,24.8
Apr 7 2011 01:00:01 AM,24.77,22,12.26,0
Apr 7 2011 01:30:01 AM,24.77,22,12.57,0
Apr 7 2011 02:00:01 AM,24.77,22,12.69,20
Apr 7 2011 02:30:01 AM,24.77,22,11.99,0
Apr 7 2011 03:00:01 AM,24.77,22,11.62,0
Apr 7 2011 03:30:01 AM,24.77,22,11.87,0
Apr 7 2011 04:00:01 AM,24.77,22,11.66,0
Apr 7 2011 04:30:01 AM,24.77,22,11.67,37.5
Apr 7 2011 05:00:01 AM,24.77,22,11.45,0
Apr 7 2011 05:30:01 AM,24.77,22,12.23,0
Apr 7 2011 06:00:01 AM,24.77,22,12.49,0
Apr 7 2011 06:30:01 AM,24.77,22,12.34,0
Apr 7 2011 07:00:01 AM,24.77,22,12.28,0
Apr 7 2011 07:30:01 AM,24.77,22,12.44,5.5
Apr 7 2011 08:00:01 AM,24.77,22,12.43,0
Apr 7 2011 08:30:01 AM,24.77,22,12.03,0
Apr 7 2011 09:00:01 AM,24.77,22,12.06,0
Apr 7 2011 09:30:01 AM,24.77,22,11.96,0
Apr 7 2011 10:00:01 AM,24.77,22,12.61,0
Apr 7 2011 10:30:01 AM,24.77,22,13.26,0
Apr 7 2011 11:00:01 AM,24.77,22,13.55,31
Apr 7 2011 11:30:01 AM,24.77,22,10.51,0
Apr 7 2011 12:00:01 PM,24.77,22,10.9,0
Apr 7 2011 12:30:01 PM,24.77,22,10.45,40.2
Apr 7 2011 01:00:01 PM,24.77,22,10.75,0
Apr 7 2011 01:30:01 PM,24.77,22,11.27,0
Apr 7 2011 02:00:01 PM,24.77,22,10.91,0
Apr 7 2011 02:30:01 PM,24.77,22,11.28,0
Apr 7 2011 03:00:01 PM,24.77,22,11.42,33.4
Apr 7 2011 03:30:01 PM,24.77,22,11.59,0
Apr 7 2011 04:00:01 PM,24.77,22,11.19,37.8
Apr 7 2011 04:30:01 PM,24.77,22,13.36,37.8
Apr 7 2011 05:00:01 PM,24.77,22,11.97,47.9
Apr 7 2011 05:30:01 PM,24.77,22,12.48,47.9
Apr 7 2011 06:00:01 PM,24.77,22,12.12,45.7
Apr 7 2011 06:30:01 PM,24.77,22,11.84,45.8
Apr 7 2011 07:00:01 PM,24.77,22,12.99,36.1
Apr 7 2011 07:30:01 PM,24.77,22,12.7,60.2
Apr 7 2011 08:00:01 PM,24.77,22,12.01,47.8
Apr 7 2011 08:30:01 PM,24.77,22,13.16,48.5
Apr 7 2011 09:00:01 PM,24.77,22,12.04,42.7
Apr 7 2011 09:30:01 PM,24.77,22,13.04,46.1
Apr 7 2011 10:00:01 PM,24.77,22,11.83,46.5
Apr 7 2011 10:30:01 PM,24.77,22,12.99,48.9
Apr 7 2011 11:00:01 PM,24.77,22,13.01,45.5
Apr 7 2011 11:30:01 PM,24.77,22,12.91,59.8
Apr 8 2011 12:00:01 AM,24.77,22,12.35,60
Apr 8 2011 12:30:01 AM,24.77,22,11.97,48.4
Apr 8 2011 01:00:01 AM,24.77,22,11.89,48.9
Apr 8 2011 01:30:01 AM,24.77,22,11.73,55.6
Apr 8 2011 02:00:01 AM,24.77,22,11.43,7.7
Apr 8 2011 02:30:01 AM,24.77,22,12.4,0
Apr 8 2011 03:00:01 AM,24.77,22,12.64,0
Apr 8 2011 03:30:01 AM,24.77,22,12.77,0
Apr 8 2011 04:00:01 AM,24.77,22,12.72,29.9
Apr 8 2011 04:30:01 AM,24.77,22,12.89,0
Apr 8 2011 05:00:01 AM,24.77,22,13.03,0
Apr 8 2011 05:30:01 AM,24.77,22,13.02,29.5
Apr 8 2011 06:00:01 AM,24.77,22,12.74,0
Apr 8 2011 06:30:01 AM,24.77,22,11.8,0
Apr 8 2011 07:00:01 AM,24.77,22,12.23,0
Apr 8 2011 07:30:01 AM,24.77,22,12.62,28.5
Apr 8 2011 08:00:01 AM,24.77,22,12.18,0
Apr 8 2011 08:30:01 AM,24.77,22,12.09,0
Apr 8 2011 09:00:01 AM,24.77,22,12,23.2
Apr 8 2011 09:30:01 AM,24.77,22,12.18,44.2
Apr 8 2011 10:00:01 AM,24.77,22,11.88,44.7
Apr 8 2011 10:30:01 AM,24.77,22,12.04,44.9
Apr 8 2011 11:00:01 AM,24.77,22,11.83,46.6
Apr 8 2011 11:30:01 AM,24.77,22,12.03,42.9
Apr 8 2011 12:00:01 PM,24.77,22,11.94,35.5
Apr 8 2011 12:30:01 PM,24.77,22,12,33.9
Apr 8 2011 01:00:01 PM,24.77,22,12.07,34.9
Apr 8 2011 01:30:01 PM,24.77,22,12.1,33.6
Apr 8 2011 02:00:01 PM,24.77,22,12.36,0
Apr 8 2011 02:30:01 PM,24.77,22,12.31,20
Apr 8 2011 03:00:01 PM,24.77,22,11.91,35.1
Apr 8 2011 03:30:01 PM,24.77,22,11.94,0
Apr 8 2011 04:00:01 PM,24.77,22,11.98,35.5
Apr 8 2011 04:30:01 PM,24.77,22,12.2,0
Apr 8 2011 05:00:01 PM,24.77,22,12.64,35.6
Apr 8 2011 05:30:01 PM,24.77,22,11.93,0
Apr 8 2011 06:00:01 PM,24.77,22,12.35,35.4
Apr 8 2011 06:30:01 PM,24.77,22,12.42,0
Apr 8 2011 07:00:01 PM,24.77,22,12.37,0
Apr 8 2011 07:30:01 PM,24.77,22,11.97,0
Apr 8 2011 08:00:01 PM,24.77,22,12.93,0
Apr 8 2011 08:30:01 PM,24.77,22,12.25,0
Apr 8 2011 09:00:01 PM,24.77,22,12.37,35.8
Apr 8 2011 09:30:01 PM,24.77,22,11.96,0
Apr 8 2011 10:00:01 PM,24.77,22,12.91,0
Apr 8 2011 10:30:01 PM,24.77,22,11.77,19.7
Apr 8 2011 11:00:01 PM,24.77,22,12,0
Apr 8 2011 11:30:01 PM,24.77,22,12.75,0
Apr 9 2011 12:00:01 AM,24.77,22,12.6,20
Apr 9 2011 12:30:01 AM,24.77,22,11.96,0
Apr 9 2011 01:00:01 AM,24.77,22,12.27,35.6
Apr 9 2011 01:30:01 AM,24.77,22,0,0
Apr 9 2011 02:00:01 AM,24.77,22,0,0
Apr 9 2011 02:30:01 AM,24.77,22,0,35.6
Apr 9 2011 03:00:01 AM,24.77,22,0,0
Apr 9 2011 03:30:01 AM,24.77,22,0,0
Apr 9 2011 04:00:01 AM,24.77,22,0,35.6
Apr 9 2011 04:30:01 AM,24.77,22,0,0
Apr 9 2011 05:00:01 AM,24.77,22,0,0
Apr 9 2011 05:30:01 AM,24.77,22,0,24.8
Apr 9 2011 06:00:01 AM,24.77,22,0,0
Apr 9 2011 06:30:01 AM,24.77,22,0,0
Apr 9 2011 07:00:01 AM,24.77,22,0,20
Apr 9 2011 07:30:01 AM,24.77,22,0,0
Apr 9 2011 08:00:01 AM,24.77,22,0,36.2
Apr 9 2011 08:30:01 AM,24.77,22,0,0
Apr 9 2011 09:00:01 AM,24.77,22,0,0
Apr 9 2011 09:30:01 AM,24.77,22,0,32.7
Apr 9 2011 10:00:01 AM,24.77,22,0,0
Apr 9 2011 10:30:01 AM,24.77,22,0,0
Apr 9 2011 11:00:01 AM,24.77,22,0,0
Apr 9 2011 11:30:01 AM,24.77,22,0,0
Apr 9 2011 12:00:01 PM,24.77,22,0,35.8
Apr 9 2011 12:30:01 PM,24.77,22,0,0
Apr 9 2011 01:00:01 PM,24.77,22,0,37
Apr 9 2011 01:30:01 PM,24.77,22,0,0
Apr 9 2011 02:00:01 PM,24.77,22,0,0
Apr 9 2011 02:30:01 PM,24.77,22,0,34
Apr 9 2011 03:00:01 PM,24.77,22,0,0
Apr 9 2011 03:30:01 PM,24.77,22,0,36.6
Apr 9 2011 04:00:01 PM,24.77,22,0,0
Apr 9 2011 04:30:01 PM,24.77,22,0,0
Apr 9 2011 05:00:01 PM,24.77,22,0,0
Apr 9 2011 05:30:01 PM,24.77,22,0,0
Apr 9 2011 06:00:01 PM,24.77,22,0,0
Apr 9 2011 06:30:01 PM,24.77,22,0,0
Apr 9 2011 07:00:01 PM,24.77,22,0,0
Apr 9 2011 07:30:01 PM,24.77,22,0,0
Apr 9 2011 08:00:01 PM,24.77,22,0,0
Apr 9 2011 08:30:01 PM,24.77,22,0,0
Apr 9 2011 09:00:01 PM,24.77,22,0,0
Apr 9 2011 09:30:01 PM,24.77,22,0,0
Apr 9 2011 10:00:01 PM,24.77,22,0,0
Apr 9 2011 10:30:01 PM,24.77,22,0,0
Apr 9 2011 11:00:01 PM,24.77,22,0,0
Apr 9 2011 11:30:01 PM,24.77,22,0,0
Apr 10 2011 12:00:01 AM,24.77,22,0,0
Apr 10 2011 12:30:01 AM,24.77,22,0,0
Apr 10 2011 01:00:01 AM,24.77,22,0,0
Apr 10 2011 01:30:01 AM,24.77,22,0,0
Apr 10 2011 02:00:01 AM,24.77,22,0,0
Apr 10 2011 02:30:01 AM,24.77,22,0,20
Apr 10 2011 03:00:01 AM,24.77,22,0,0
Apr 10 2011 03:30:01 AM,24.77,22,0,0
Apr 10 2011 04:00:01 AM,24.77,22,0,20
Apr 10 2011 04:30:01 AM,24.77,22,0,0
Apr 10 2011 05:00:01 AM,24.77,22,11.83,0
Apr 10 2011 05:30:01 AM,24.77,22,12.47,27.4
Apr 10 2011 06:00:01 AM,24.77,22,12.09,0
Apr 10 2011 06:30:01 AM,24.77,22,12.33,0
Apr 10 2011 07:00:01 AM,24.77,22,12.99,0
Apr 10 2011 07:30:01 AM,24.77,22,12.45,0
Apr 10 2011 08:00:01 AM,24.77,22,13.28,0
Apr 10 2011 08:30:01 AM,24.77,22,12.6,0
Apr 10 2011 09:00:01 AM,24.77,22,12.55,0
Apr 10 2011 09:30:01 AM,24.77,22,13.6,0
Apr 10 2011 10:00:01 AM,24.77,22,13.19,31.8
Apr 10 2011 10:30:01 AM,24.77,22,13.42,54.2
Apr 10 2011 11:00:01 AM,24.77,22,12,47.5
Apr 10 2011 11:30:01 AM,24.77,22,12.56,43.1
Apr 10 2011 12:00:01 PM,24.77,22,12.43,33.9
Apr 10 2011 12:30:01 PM,24.77,22,12.63,33.9
Apr 10 2011 01:00:01 PM,24.77,22,11.46,32.9
Apr 10 2011 01:30:01 PM,24.77,22,12.36,32.9
Apr 10 2011 02:00:01 PM,24.77,22,12.35,32.9
Apr 10 2011 02:30:01 PM,24.77,22,12.8,0
Apr 10 2011 03:00:01 PM,24.77,22,12.88,0
Apr 10 2011 03:30:01 PM,24.77,22,14.42,0
Apr 10 2011 04:00:01 PM,24.77,22,12.35,0
Apr 10 2011 04:30:01 PM,24.77,22,12.94,34.1
Apr 10 2011 05:00:01 PM,24.77,22,13.26,34.1
Apr 10 2011 05:30:01 PM,24.77,22,11.84,34.1
Apr 10 2011 06:00:01 PM,24.77,22,12.35,0
Apr 10 2011 06:30:01 PM,24.77,22,12.49,34.9
Apr 10 2011 07:00:01 PM,24.77,22,12.36,0
Apr 10 2011 07:30:01 PM,24.77,22,12.21,34.9
Apr 10 2011 08:00:01 PM,24.77,22,12.29,0
Apr 10 2011 08:30:01 PM,24.77,22,12.55,33.1
Apr 10 2011 09:00:01 PM,24.77,22,12.2,0
Apr 10 2011 09:30:01 PM,24.77,22,12.23,20
Apr 10 2011 10:00:01 PM,24.77,22,12.23,0
Apr 10 2011 10:30:01 PM,24.77,22,12.56,20
Apr 10 2011 11:00:01 PM,24.77,22,12.97,0
Apr 10 2011 11:30:01 PM,24.77,22,12.74,20
Apr 11 2011 12:00:01 AM,24.77,22,12.81,0
Apr 11 2011 12:30:01 AM,24.77,22,12,36.7
Apr 11 2011 01:00:01 AM,24.77,22,12.33,0
Apr 11 2011 01:30:01 AM,24.77,22,12.77,36.4
Apr 11 2011 02:00:01 AM,24.77,22,13.04,0
Apr 11 2011 02:30:01 AM,24.77,22,11.84,0
Apr 11 2011 03:00:01 AM,24.77,22,12.55,20
Apr 11 2011 03:30:01 AM,24.77,22,13.08,0
Apr 11 2011 04:00:01 AM,24.77,22,12.04,36.1
Apr 11 2011 04:30:01 AM,24.77,22,12.74,0
Apr 11 2011 05:00:01 AM,24.77,22,13.35,0
Apr 11 2011 05:30:01 AM,24.77,22,12.69,20
Apr 11 2011 06:00:01 AM,24.77,22,12.89,0
Apr 11 2011 06:30:01 AM,24.77,22,12.5,36.7
Apr 11 2011 07:00:01 AM,24.77,22,13,0
Apr 11 2011 07:30:01 AM,24.77,22,12.54,0
Apr 11 2011 08:00:01 AM,24.77,22,14.21,0
Apr 11 2011 08:30:01 AM,24.77,22,12.12,0
Apr 11 2011 09:00:01 AM,24.77,22,11.78,37.4
Apr 11 2011 09:30:01 AM,24.77,22,12.87,0
Apr 11 2011 10:00:01 AM,24.77,22,12.64,0
Apr 11 2011 10:30:01 AM,24.77,22,12.15,0
Apr 11 2011 11:00:01 AM,24.77,22,12.36,0
Apr 11 2011 11:30:01 AM,24.77,22,12.73,33.1
Apr 11 2011 12:00:01 PM,24.77,22,12.44,0
Apr 11 2011 12:30:01 PM,24.77,22,12.6,36.2
Apr 11 2011 01:00:01 PM,24.77,22,12.61,0
Apr 11 2011 01:30:01 PM,24.77,22,12.2,0
Apr 11 2011 02:00:01 PM,24.77,22,12.57,0
Apr 11 2011 02:30:01 PM,24.77,22,12.7,0
Apr 11 2011 03:00:01 PM,24.77,22,12.74,20
Apr 11 2011 03:30:01 PM,24.77,22,12.75,36.6
Apr 11 2011 04:00:01 PM,23.07,23,12.24,32.1
Apr 11 2011 04:30:01 PM,22.73,23,11.99,62.2
Apr 11 2011 05:00:01 PM,22.73,23,12.92,62.2
Apr 11 2011 05:30:01 PM,22.4,21,12.27,62.5
Apr 11 2011 06:00:01 PM,22.4,21,12.33,46.2
Apr 11 2011 06:30:01 PM,22.4,21,12.56,53.1
Apr 11 2011 07:00:01 PM,22.06,21,12.49,45.9
Apr 11 2011 07:30:01 PM,22.06,21,12.82,59.9
Apr 11 2011 08:00:01 PM,23.07,21,13.05,53.8
Apr 11 2011 08:30:01 PM,23.75,21,13.06,62.4
Apr 11 2011 09:00:01 PM,24.09,21,12.6,63.2
Apr 11 2011 09:30:01 PM,24.09,21,12.55,46.3
Apr 11 2011 10:00:01 PM,24.43,21,12.68,63
Apr 11 2011 10:30:01 PM,24.43,21,12.65,45.8
Apr 11 2011 11:00:01 PM,24.43,21,13.02,63.8
Apr 11 2011 11:30:01 PM,24.43,21,12.81,64.1
Apr 12 2011 12:00:01 AM,24.43,21,12.22,64.1
Apr 12 2011 12:30:01 AM,24.77,21,12.82,64.1
Apr 12 2011 01:00:01 AM,24.77,21,12.19,56.2
Apr 12 2011 01:30:01 AM,24.77,21,12.97,0
Apr 12 2011 02:00:01 AM,24.77,21,12.08,0
Apr 12 2011 02:30:01 AM,24.77,21,12.56,19.7
Apr 12 2011 03:00:01 AM,24.77,21,13.44,0
Apr 12 2011 03:30:01 AM,24.77,21,12.2,0
Apr 12 2011 04:00:01 AM,24.77,21,12.87,0
Apr 12 2011 04:30:01 AM,24.77,21,13.12,0
Apr 12 2011 05:00:01 AM,24.77,21,12.12,0
Apr 12 2011 05:30:01 AM,24.77,21,12.42,30.4
Apr 12 2011 06:00:01 AM,24.77,21,12.81,0
Apr 12 2011 06:30:01 AM,25.12,21,12.19,30.6
Apr 12 2011 07:00:01 AM,25.12,21,12.67,0
Apr 12 2011 07:30:01 AM,25.46,21,12.29,0
Apr 12 2011 08:00:01 AM,25.46,21,12.72,0
Apr 12 2011 08:30:01 AM,24.09,21,12.13,29
Apr 12 2011 09:00:01 AM,23.07,21,12.6,0
Apr 12 2011 09:30:01 AM,22.73,21,11.85,0
Apr 12 2011 10:00:01 AM,22.4,21,12.47,0
Apr 12 2011 10:30:01 AM,22.4,21,12.16,0
Apr 12 2011 11:00:01 AM,22.4,21,12.5,0
Apr 12 2011 11:30:01 AM,22.06,21,12.03,0
Apr 12 2011 12:00:01 PM,22.06,21,12.33,0
Apr 12 2011 12:30:01 PM,22.06,21,12.37,0
Apr 12 2011 01:00:01 PM,22.06,21,12.12,0
Apr 12 2011 01:30:01 PM,22.06,21,11.8,0
Apr 12 2011 02:00:01 PM,22.06,21,12.62,39
Apr 12 2011 02:30:01 PM,22.06,21,12.3,35.5
Apr 12 2011 03:00:01 PM,22.06,21,12.67,0
Apr 12 2011 03:30:01 PM,22.06,21,11.85,0
Apr 12 2011 04:00:01 PM,22.4,21,12.29,38.9
Apr 12 2011 04:30:01 PM,22.4,21,12.52,0
Apr 12 2011 05:00:01 PM,22.4,21,12.63,20
Apr 12 2011 05:30:01 PM,22.4,21,12.42,0
Apr 12 2011 06:00:01 PM,22.4,21,12.36,0
Apr 12 2011 06:30:01 PM,22.06,21,12.43,39.9
Apr 12 2011 07:00:01 PM,22.06,21,12.08,0
Apr 12 2011 07:30:01 PM,21.73,21,12.84,0
Apr 12 2011 08:00:01 PM,23.07,21,13.11,0
Apr 12 2011 08:30:01 PM,23.41,21,12.61,0
Apr 12 2011 09:00:01 PM,23.75,21,12.48,39.7
Apr 12 2011 09:30:01 PM,24.09,21,11.7,0
Apr 12 2011 10:00:01 PM,24.09,21,11.86,39.7
Apr 12 2011 10:30:01 PM,24.43,21,12.38,0
Apr 12 2011 11:00:01 PM,24.43,21,12.58,40.5
Apr 12 2011 11:30:01 PM,24.43,21,12.08,0
Apr 13 2011 12:00:01 AM,24.43,21,12.89,40
Apr 13 2011 12:30:01 AM,24.77,21,11.96,0
Apr 13 2011 01:00:01 AM,24.77,21,12.25,0
Apr 13 2011 01:30:01 AM,24.77,21,12.16,0
Apr 13 2011 02:00:01 AM,24.77,21,12.02,0
Apr 13 2011 02:30:01 AM,24.77,21,12.43,0
Apr 13 2011 03:00:01 AM,24.77,21,12.2,0
Apr 13 2011 03:30:01 AM,24.77,21,12.01,0
Apr 13 2011 04:00:01 AM,24.77,21,13.03,0
Apr 13 2011 04:30:01 AM,24.77,21,12.47,0
Apr 13 2011 05:00:01 AM,24.77,21,13.03,0
Apr 13 2011 05:30:01 AM,24.77,21,12.49,31
Apr 13 2011 06:00:01 AM,25.12,21,12.08,0
Apr 13 2011 06:30:01 AM,25.12,21,13.27,38.5
Apr 13 2011 07:00:01 AM,25.12,21,12.11,41.6
Apr 13 2011 07:30:01 AM,25.12,21,13.55,0
Apr 13 2011 08:00:01 AM,25.12,21,13.27,41.9
Apr 13 2011 08:30:01 AM,24.09,21,12.53,0
Apr 13 2011 09:00:01 AM,22.73,21,12.48,42.1
Apr 13 2011 09:30:01 AM,22.73,21,12.17,0
Apr 13 2011 10:00:01 AM,22.4,21,12.39,42
Apr 13 2011 10:30:01 AM,22.4,21,12.42,0
Apr 13 2011 11:00:01 AM,22.06,21,12.23,0
Apr 13 2011 11:30:01 AM,22.06,21,12.71,0
Apr 13 2011 12:00:01 PM,22.06,21,12.32,0
Apr 13 2011 12:30:01 PM,22.06,21,11.99,0
Apr 13 2011 01:00:01 PM,22.06,21,12.04,0
Apr 13 2011 01:30:01 PM,22.06,21,12.17,0
Apr 13 2011 02:00:01 PM,22.06,21,12.45,0
Apr 13 2011 02:30:01 PM,22.06,21,11.78,0
Apr 13 2011 03:00:01 PM,22.06,21,12.56,0
Apr 13 2011 03:30:01 PM,22.06,21,12.49,0
Apr 13 2011 04:00:01 PM,22.06,21,12.27,37
Apr 13 2011 04:30:01 PM,22.06,21,12.7,0
Apr 13 2011 05:00:01 PM,22.06,21,12.52,0
Apr 13 2011 05:30:01 PM,22.06,21,12.04,0
Apr 13 2011 06:00:01 PM,22.06,21,12.03,0
Apr 13 2011 06:30:01 PM,22.06,21,12.02,0
Apr 13 2011 07:00:01 PM,22.06,21,12.06,0
Apr 13 2011 07:30:01 PM,22.06,21,12.76,0
Apr 13 2011 08:00:01 PM,23.41,21,13.27,0
Apr 13 2011 08:30:01 PM,23.75,21,11.81,0
Apr 13 2011 09:00:01 PM,24.09,21,13.09,0
Apr 13 2011 09:30:01 PM,24.09,21,12.45,0
Apr 13 2011 10:00:01 PM,24.43,21,12.16,0
Apr 13 2011 10:30:01 PM,24.43,21,13.21,0
Apr 13 2011 11:00:01 PM,24.77,21,12.09,0
Apr 13 2011 11:30:01 PM,24.77,21,12.55,0
Apr 14 2011 12:00:01 AM,24.77,21,12.7,23.4
Apr 14 2011 12:30:01 AM,24.77,21,12.97,0
Apr 14 2011 01:00:01 AM,24.77,21,12.54,0
Apr 14 2011 01:30:01 AM,24.77,21,13.1,30.4
Apr 14 2011 02:00:01 AM,24.77,21,11.86,0
Apr 14 2011 02:30:01 AM,25.12,21,12.3,0
Apr 14 2011 03:00:01 AM,25.12,21,12.41,0
Apr 14 2011 03:30:01 AM,25.12,21,13.12,0
Apr 14 2011 04:00:01 AM,25.12,21,12.73,0
Apr 14 2011 04:30:01 AM,25.12,21,12.22,30.2
Apr 14 2011 05:00:01 AM,25.12,21,12.32,30.2
Apr 14 2011 05:30:01 AM,25.12,21,12.49,30.2
Apr 14 2011 06:00:01 AM,25.46,21,13.12,30.2
Apr 14 2011 06:30:01 AM,25.46,21,12.05,30.2
Apr 14 2011 07:00:01 AM,25.46,21,12.37,30.2
Apr 14 2011 07:30:01 AM,25.46,21,11.84,0
Apr 14 2011 08:00:01 AM,25.46,21,13.08,0
Apr 14 2011 08:30:01 AM,24.09,21,12.17,0
Apr 14 2011 09:00:01 AM,23.07,21,12.41,0
Apr 14 2011 09:30:01 AM,22.73,21,12.01,45.1
Apr 14 2011 10:00:01 AM,22.4,21,12.32,71.3
Apr 14 2011 10:30:01 AM,22.4,21,12.17,48.7
Apr 14 2011 11:00:01 AM,22.06,21,12.36,35.6
Apr 14 2011 11:30:01 AM,22.06,21,12.17,34.5
Apr 14 2011 12:00:01 PM,22.06,21,12.24,36.1
Apr 14 2011 12:30:01 PM,22.06,21,12.26,35.5
Apr 14 2011 01:00:01 PM,22.06,21,11.72,35.5
Apr 14 2011 01:30:01 PM,22.06,21,12.21,0
Apr 14 2011 02:00:01 PM,22.06,21,12.35,0
Apr 14 2011 02:30:01 PM,22.06,21,12.71,0
Apr 14 2011 03:00:01 PM,21.73,21,12.07,37.7
Apr 14 2011 03:30:01 PM,21.73,21,12.35,0
Apr 14 2011 04:00:01 PM,21.73,21,12.22,0
Apr 14 2011 04:30:01 PM,21.73,21,12.22,38.6
Apr 14 2011 05:00:01 PM,21.73,21,12.29,0
Apr 14 2011 05:30:01 PM,21.73,21,12.24,0
Apr 14 2011 06:00:01 PM,21.73,21,12.17,0
Apr 14 2011 06:30:01 PM,21.73,21,12.95,40.9
Apr 14 2011 07:00:01 PM,21.73,21,11.78,0
Apr 14 2011 07:30:01 PM,21.4,21,13.1,20
Apr 14 2011 08:00:01 PM,23.07,21,11.99,39.2
Apr 14 2011 08:30:01 PM,23.41,21,12.5,0
Apr 14 2011 09:00:01 PM,23.75,21,12.67,39.8
Apr 14 2011 09:30:01 PM,23.75,21,12.12,0
Apr 14 2011 10:00:01 PM,24.09,21,12.29,0
Apr 14 2011 10:30:01 PM,24.09,21,12.99,0
Apr 14 2011 11:00:01 PM,24.43,21,13.06,20
Apr 14 2011 11:30:01 PM,24.43,21,12.23,0
Apr 15 2011 12:00:01 AM,24.43,21,12.3,20
Apr 15 2011 12:30:01 AM,24.77,21,12.37,0
Apr 15 2011 01:00:01 AM,25.12,21,13,38.8
Apr 15 2011 01:30:01 AM,25.12,21,13.08,0
Apr 15 2011 02:00:01 AM,25.12,21,12.78,40.1
Apr 15 2011 02:30:01 AM,25.12,21,11.96,0
Apr 15 2011 03:00:01 AM,25.12,21,12.23,40.4
Apr 15 2011 03:30:01 AM,25.12,21,12.54,0
Apr 15 2011 04:00:01 AM,25.12,21,13.01,40.5
Apr 15 2011 04:30:01 AM,25.46,21,12.29,0
Apr 15 2011 05:00:01 AM,25.46,21,12.28,0
Apr 15 2011 05:30:01 AM,25.46,21,12.44,0
Apr 15 2011 06:00:01 AM,25.46,21,13.07,0
Apr 15 2011 06:30:01 AM,25.46,21,11.85,0
Apr 15 2011 07:00:01 AM,25.46,21,11.95,0
Apr 15 2011 07:30:01 AM,25.46,21,12.01,0
Apr 15 2011 08:00:01 AM,25.46,21,12.54,0
Apr 15 2011 08:30:01 AM,25.46,21,11.98,0
Apr 15 2011 09:00:01 AM,25.46,21,11.96,0
Apr 15 2011 09:30:01 AM,25.81,21,12.42,19.5
Apr 15 2011 10:00:01 AM,25.81,21,12.37,0
Apr 15 2011 10:30:01 AM,25.81,21,12.39,20.5
Apr 15 2011 11:00:01 AM,26.16,21,12.85,0
Apr 15 2011 11:30:01 AM,26.16,21,12.28,0
Apr 15 2011 12:00:01 PM,26.51,21,12.09,0
Apr 15 2011 12:30:01 PM,26.51,21,11.93,0
Apr 15 2011 01:00:01 PM,26.51,21,13,0
Apr 15 2011 01:30:01 PM,26.51,21,12.13,37.2
Apr 15 2011 02:00:01 PM,26.51,21,12.02,0
Apr 15 2011 02:30:01 PM,26.51,21,12.13,36.8
Apr 15 2011 03:00:01 PM,26.86,21,13.23,0
Apr 15 2011 03:30:01 PM,26.86,21,12.23,20
Apr 15 2011 04:00:01 PM,26.86,21,12.33,36.8
Apr 15 2011 04:30:01 PM,26.86,21,13.3,0
Apr 15 2011 05:00:01 PM,26.86,21,11.84,0
Apr 15 2011 05:30:01 PM,26.51,21,13.16,0
Apr 15 2011 06:00:01 PM,26.51,21,12.55,0
Apr 15 2011 06:30:01 PM,26.51,21,11.93,37.6
Apr 15 2011 07:00:01 PM,26.51,21,12.37,33.9
Apr 15 2011 07:30:01 PM,26.51,21,12.81,33.9
Apr 15 2011 08:00:01 PM,26.51,21,11.88,0
Apr 15 2011 08:30:01 PM,26.51,21,11.97,0
Apr 15 2011 09:00:01 PM,26.51,21,12.13,0
Apr 15 2011 09:30:01 PM,26.51,21,12.45,0
Apr 15 2011 10:00:01 PM,26.51,21,12.6,0
Apr 15 2011 10:30:01 PM,26.16,21,13.05,0
Apr 15 2011 11:00:01 PM,26.16,21,12.82,0
Apr 15 2011 11:30:01 PM,26.16,21,11.97,34.8
Apr 16 2011 12:00:01 AM,26.16,21,12.21,34.8
Apr 16 2011 12:30:01 AM,25.81,21,12.46,34.8
Apr 16 2011 01:00:01 AM,25.81,21,12.55,0
Apr 16 2011 01:30:01 AM,25.81,21,0,0
Apr 16 2011 02:00:01 AM,25.81,21,0,0
Apr 16 2011 02:30:01 AM,25.81,21,0,35.4
Apr 16 2011 03:00:01 AM,25.81,21,0,0
Apr 16 2011 03:30:01 AM,25.81,21,0,0
Apr 16 2011 04:00:01 AM,25.81,21,0,0
Apr 16 2011 04:30:01 AM,25.81,21,0,48
Apr 16 2011 05:00:01 AM,25.81,21,0,33.8
Apr 16 2011 05:30:01 AM,25.81,21,0,34.3
Apr 16 2011 06:00:01 AM,25.81,21,0,34.8
Apr 16 2011 06:30:01 AM,25.81,21,0,36.8
Apr 16 2011 07:00:01 AM,25.81,21,0,34.8
Apr 16 2011 07:30:01 AM,25.81,21,0,34.8
Apr 16 2011 08:00:01 AM,26.16,21,0,33
Apr 16 2011 08:30:01 AM,24.77,21,0,33
Apr 16 2011 09:00:01 AM,23.41,21,0,0
Apr 16 2011 09:30:01 AM,23.07,21,0,0
Apr 16 2011 10:00:01 AM,22.73,21,0,0
Apr 16 2011 10:30:01 AM,22.73,21,0,0
Apr 16 2011 11:00:01 AM,22.73,21,0,0
Apr 16 2011 11:30:01 AM,22.4,21,0,0
Apr 16 2011 12:00:01 PM,22.4,21,0,0
Apr 16 2011 12:30:01 PM,22.4,21,0,35.2
Apr 16 2011 01:00:01 PM,22.4,21,0,0
Apr 16 2011 01:30:01 PM,22.4,21,0,0
Apr 16 2011 02:00:01 PM,22.4,21,0,0
Apr 16 2011 02:30:01 PM,22.4,21,0,35.6
Apr 16 2011 03:00:01 PM,22.4,21,0,0
Apr 16 2011 03:30:01 PM,22.4,21,0,0
Apr 16 2011 04:00:01 PM,22.06,21,0,36
Apr 16 2011 04:30:01 PM,22.06,21,0,0
Apr 16 2011 05:00:01 PM,22.06,21,0,0
Apr 16 2011 05:30:01 PM,22.06,21,0,36.4
Apr 16 2011 06:00:01 PM,22.06,21,0,0
Apr 16 2011 06:30:01 PM,22.06,21,0,0
Apr 16 2011 07:00:01 PM,22.06,21,0,36
Apr 16 2011 07:30:01 PM,21.73,21,0,0
Apr 16 2011 08:00:01 PM,23.07,21,0,36.1
Apr 16 2011 08:30:01 PM,23.75,21,0,5.4
Apr 16 2011 09:00:01 PM,24.43,21,0,0
Apr 16 2011 09:30:01 PM,24.43,21,0,0
Apr 16 2011 10:00:01 PM,24.77,21,0,0
Apr 16 2011 10:30:01 PM,24.77,21,0,36
Apr 16 2011 11:00:01 PM,24.77,21,0,0
Apr 16 2011 11:30:01 PM,24.77,21,0,19.8
Apr 17 2011 12:00:01 AM,24.77,21,0,0
Apr 17 2011 12:30:01 AM,24.77,21,0,0
Apr 17 2011 01:00:01 AM,24.77,21,0,36.7
Apr 17 2011 01:30:01 AM,24.77,21,0,0
Apr 17 2011 02:00:01 AM,24.77,21,0,37.4
Apr 17 2011 02:30:01 AM,24.77,21,0,0
Apr 17 2011 03:00:01 AM,24.77,21,0,38
Apr 17 2011 03:30:01 AM,24.77,21,0,0
Apr 17 2011 04:00:01 AM,24.77,21,0,0
Apr 17 2011 04:30:01 AM,24.77,21,0,0
Apr 17 2011 05:00:01 AM,24.77,21,0,0
Apr 17 2011 05:30:01 AM,24.77,21,0,37.8
Apr 17 2011 06:00:01 AM,24.77,21,0,0
Apr 17 2011 06:30:01 AM,24.77,21,12.46,37.9
Apr 17 2011 07:00:01 AM,24.77,21,12.59,0
Apr 17 2011 07:30:01 AM,25.12,21,12.55,37.7
Apr 17 2011 08:00:01 AM,25.12,21,13.03,0
Apr 17 2011 08:30:01 AM,24.09,21,12.72,38.3
Apr 17 2011 09:00:01 AM,22.73,21,12.53,0
Apr 17 2011 09:30:01 AM,22.4,21,12.5,39
Apr 17 2011 10:00:01 AM,22.4,21,12.41,0
Apr 17 2011 10:30:01 AM,22.06,21,12.54,38.8
Apr 17 2011 11:00:01 AM,22.06,21,12.58,0
Apr 17 2011 11:30:01 AM,22.06,21,12.59,38.2
Apr 17 2011 12:00:01 PM,22.06,21,12.56,0
Apr 17 2011 12:30:01 PM,22.06,21,12.59,37.6
Apr 17 2011 01:00:01 PM,22.06,21,12.48,0
Apr 17 2011 01:30:01 PM,22.06,21,12.55,37.1
Apr 17 2011 02:00:01 PM,22.06,21,12.64,0
Apr 17 2011 02:30:01 PM,22.06,21,11.85,0
Apr 17 2011 03:00:01 PM,22.06,21,12.34,36.2
Apr 17 2011 03:30:01 PM,22.06,21,12.55,0
Apr 17 2011 04:00:01 PM,22.06,21,12.23,20
Apr 17 2011 04:30:01 PM,21.73,21,11.81,41.1
Apr 17 2011 05:00:01 PM,21.73,21,12.13,0
Apr 17 2011 05:30:01 PM,21.73,21,12.59,63.6
Apr 17 2011 06:00:01 PM,21.73,21,11.87,0
Apr 17 2011 06:30:01 PM,21.73,21,12.63,60
Apr 17 2011 07:00:01 PM,21.73,21,13.28,63.6
Apr 17 2011 07:30:01 PM,21.4,21,11.96,65.6
Apr 17 2011 08:00:01 PM,22.73,21,12.51,55
Apr 17 2011 08:30:01 PM,23.07,21,12.65,53.6
Apr 17 2011 09:00:01 PM,23.41,21,12.82,24.8
Apr 17 2011 09:30:01 PM,23.41,21,11.72,0
Apr 17 2011 10:00:01 PM,23.41,21,12.36,55.8
Apr 17 2011 10:30:01 PM,23.41,21,11.87,56.3
Apr 17 2011 11:00:01 PM,23.75,21,12.42,0
Apr 17 2011 11:30:01 PM,23.75,21,12.46,37.8
Apr 18 2011 12:00:01 AM,23.75,21,12.83,0
Apr 18 2011 12:30:01 AM,23.75,21,12.94,0
Apr 18 2011 01:00:01 AM,23.75,21,13.13,0
Apr 18 2011 01:30:01 AM,24.09,21,12.32,0
Apr 18 2011 02:00:01 AM,24.09,21,12.16,0
Apr 18 2011 02:30:01 AM,24.09,21,11.67,22.7
Apr 18 2011 03:00:01 AM,24.09,21,12.21,29.2
Apr 18 2011 03:30:01 AM,24.09,21,12.51,29.2
Apr 18 2011 04:00:01 AM,24.09,21,12.69,29.2
Apr 18 2011 04:30:01 AM,24.09,21,12.47,38.6
Apr 18 2011 05:00:01 AM,24.09,21,12.07,38.6
Apr 18 2011 05:30:01 AM,24.09,21,11.82,39.1
Apr 18 2011 06:00:01 AM,24.09,21,12.07,39.1
Apr 18 2011 06:30:01 AM,24.09,21,12.6,28.5
Apr 18 2011 07:00:01 AM,24.09,21,12.88,29
Apr 18 2011 07:30:01 AM,24.09,21,13.58,38.6
Apr 18 2011 08:00:01 AM,24.09,21,12.77,37.1
Apr 18 2011 08:30:01 AM,23.07,21,12.51,27.1
Apr 18 2011 09:00:01 AM,22.4,21,12.22,39.1
Apr 18 2011 09:30:01 AM,22.06,21,12.48,51
Apr 18 2011 10:00:01 AM,22.06,21,12.37,52.8
Apr 18 2011 10:30:01 AM,21.73,21,12.29,0
Apr 18 2011 11:00:01 AM,21.73,21,12.21,0
Apr 18 2011 11:30:01 AM,21.73,21,12.1,54.2
Apr 18 2011 12:00:01 PM,21.73,21,12.39,43.1
Apr 18 2011 12:30:01 PM,21.73,21,12.38,50.3
Apr 18 2011 01:00:01 PM,21.73,21,12.45,45.3
Apr 18 2011 01:30:01 PM,21.73,21,12.61,45.3
Apr 18 2011 02:00:01 PM,21.73,21,12.67,33.6
Apr 18 2011 02:30:01 PM,21.73,21,12.75,32
Apr 18 2011 03:00:01 PM,21.73,21,12.76,32
Apr 18 2011 03:30:01 PM,21.73,21,12.87,43.8
Apr 18 2011 04:00:01 PM,21.73,21,12.29,33.6
Apr 18 2011 04:30:01 PM,22.06,21,13.04,34.1
Apr 18 2011 05:00:01 PM,22.06,21,12.5,33.8
Apr 18 2011 05:30:01 PM,22.06,21,12.73,33.8
Apr 18 2011 06:00:01 PM,21.73,21,12.48,33.8
Apr 18 2011 06:30:01 PM,21.73,21,12.55,33.8
Apr 18 2011 07:00:01 PM,21.4,21,12.4,33.8
Apr 18 2011 07:30:01 PM,21.07,21,12.18,0
Apr 18 2011 08:00:01 PM,22.73,21,12.65,0
Apr 18 2011 08:30:01 PM,23.07,21,12.74,0
Apr 18 2011 09:00:01 PM,23.41,21,11.91,0
Apr 18 2011 09:30:01 PM,23.75,21,12.89,0
Apr 18 2011 10:00:01 PM,23.75,21,12.87,0
Apr 18 2011 10:30:01 PM,23.75,21,13.15,19.8
Apr 18 2011 11:00:01 PM,23.75,21,13.07,35
Apr 18 2011 11:30:01 PM,23.75,21,13.13,0
Apr 19 2011 12:00:01 AM,23.75,21,12.92,20
Apr 19 2011 12:30:01 AM,24.09,21,13.07,33.5
Apr 19 2011 01:00:01 AM,24.09,21,12.21,0
Apr 19 2011 01:30:01 AM,24.09,21,11.81,20
Apr 19 2011 02:00:01 AM,24.09,21,12.37,35.5
Apr 19 2011 02:30:01 AM,24.09,21,12.56,0
Apr 19 2011 03:00:01 AM,24.09,21,12.57,0
Apr 19 2011 03:30:01 AM,24.09,21,12.71,35
Apr 19 2011 04:00:01 AM,24.09,21,12.88,0
Apr 19 2011 04:30:01 AM,24.09,21,12.81,0
Apr 19 2011 05:00:01 AM,24.09,21,11.77,35.6
Apr 19 2011 05:30:01 AM,24.09,21,12.37,0
Apr 19 2011 06:00:01 AM,24.09,21,12.82,25.1
Apr 19 2011 06:30:01 AM,24.09,21,12.09,0
Apr 19 2011 07:00:01 AM,24.09,21,11.9,0
Apr 19 2011 07:30:01 AM,24.09,21,11.46,35.8
Apr 19 2011 08:00:01 AM,24.09,21,12.56,0
Apr 19 2011 08:30:01 AM,23.07,21,12.5,35.8
Apr 19 2011 09:00:01 AM,22.4,21,12.65,0
Apr 19 2011 09:30:01 AM,22.06,21,12.3,0
Apr 19 2011 10:00:01 AM,21.73,21,12.45,36.6
Apr 19 2011 10:30:01 AM,21.73,21,12.51,0
Apr 19 2011 11:00:01 AM,21.73,21,12.51,32.2
Apr 19 2011 11:30:01 AM,21.73,21,12.71,0
Apr 19 2011 12:00:01 PM,21.73,21,12.23,0
Apr 19 2011 12:30:01 PM,21.73,21,12.64,31.9
Apr 19 2011 01:00:01 PM,21.73,21,12.22,35.6
Apr 19 2011 01:30:01 PM,21.73,21,12.55,0
Apr 19 2011 02:00:01 PM,21.73,21,12.7,0
Apr 19 2011 02:30:01 PM,21.73,21,12.58,0
Apr 19 2011 03:00:01 PM,21.73,21,12.2,34.9
Apr 19 2011 03:30:01 PM,21.73,21,12.51,34.9
Apr 19 2011 04:00:01 PM,21.73,21,12.16,67.5
Apr 19 2011 04:30:01 PM,21.73,21,12.99,39.1
Apr 19 2011 05:00:01 PM,21.73,21,12.47,43.3
Apr 19 2011 05:30:01 PM,22.06,21,12.6,19.4
Apr 19 2011 06:00:01 PM,22.06,21,11.67,0
Apr 19 2011 06:30:01 PM,22.06,21,12.38,34.9
Apr 19 2011 07:00:01 PM,22.06,21,12.64,0
Apr 19 2011 07:30:01 PM,22.06,21,11.99,55.7
Apr 19 2011 08:00:01 PM,22.73,21,12.04,52.1
Apr 19 2011 08:30:01 PM,23.41,21,12.9,44.2
Apr 19 2011 09:00:01 PM,23.41,21,12.74,40
Apr 19 2011 09:30:01 PM,23.75,21,12.2,47.6
Apr 19 2011 10:00:01 PM,23.75,21,12.65,51.9
Apr 19 2011 10:30:01 PM,23.75,21,13.11,39.8
Apr 19 2011 11:00:01 PM,23.75,21,11.93,49.5
Apr 19 2011 11:30:01 PM,24.09,21,12.57,49.8
Apr 20 2011 12:00:01 AM,24.09,21,12.76,49.8
Apr 20 2011 12:30:01 AM,24.09,21,12.84,49.8
Apr 20 2011 01:00:01 AM,24.43,21,13.48,49.5
Apr 20 2011 01:30:01 AM,24.43,21,13.32,39.3
Apr 20 2011 02:00:01 AM,24.43,21,13.33,40.6
Apr 20 2011 02:30:01 AM,24.43,21,13.02,26.7
Apr 20 2011 03:00:01 AM,24.43,21,12.56,38.2
Apr 20 2011 03:30:01 AM,24.43,21,12.21,49.5
Apr 20 2011 04:00:01 AM,24.43,21,12.07,49.7
Apr 20 2011 04:30:01 AM,24.43,21,12.99,49.7
Apr 20 2011 05:00:01 AM,24.43,21,12.53,49.7
Apr 20 2011 05:30:01 AM,24.43,21,12.82,49.7
Apr 20 2011 06:00:01 AM,24.43,21,13.16,0
Apr 20 2011 06:30:01 AM,24.43,21,13.25,0
Apr 20 2011 07:00:01 AM,24.43,21,13.19,20
Apr 20 2011 07:30:01 AM,0,0,12.85,42.3
Apr 20 2011 08:00:01 AM,24.43,21,12.76,39.6
Apr 20 2011 08:30:01 AM,0,0,12.55,56.4
Apr 20 2011 09:00:01 AM,0,0,0,51.7
Apr 20 2011 09:30:01 AM,23.07,21,12.58,55.8
Apr 20 2011 10:00:01 AM,22.4,21,12.48,40.4
Apr 20 2011 10:30:01 AM,22.4,21,12.36,58.6
Apr 20 2011 11:00:01 AM,23.07,21,11.67,51.2
Apr 20 2011 11:30:01 AM,22.4,21,12.54,40.4
Apr 20 2011 12:00:01 PM,22.4,21,12.36,0
Apr 20 2011 12:30:01 PM,22.4,21,12,0
Apr 20 2011 01:00:01 PM,22.4,21,11.81,0
Apr 20 2011 01:30:01 PM,22.4,21,12.71,0
Apr 20 2011 02:00:01 PM,22.4,21,0,0
Apr 20 2011 02:30:01 PM,0,0,0,0
Apr 20 2011 03:00:01 PM,0,0,0,0
Apr 20 2011 03:30:01 PM,0,0,0,0
Apr 20 2011 04:00:01 PM,0,0,0,0
Apr 20 2011 04:30:01 PM,0,0,0,0
Apr 20 2011 05:00:01 PM,0,0,0,0
Apr 20 2011 05:30:01 PM,0,0,0,0
Apr 20 2011 06:00:01 PM,0,0,0,0
Apr 20 2011 06:30:01 PM,0,0,0,0
Apr 20 2011 07:00:01 PM,0,0,0,46.2
Apr 20 2011 07:30:01 PM,0,0,0,32.8
Apr 20 2011 08:00:01 PM,0,0,0,34.9
Apr 20 2011 08:30:01 PM,0,0,0,34.9
Apr 20 2011 09:00:01 PM,0,0,0,47.2
Apr 20 2011 09:30:01 PM,0,0,0,35.4
Apr 20 2011 10:00:01 PM,0,0,0,34.9
Apr 20 2011 10:30:01 PM,0,0,0,38.2
Apr 20 2011 11:00:01 PM,0,0,0,33.9
Apr 20 2011 11:30:01 PM,0,0,0,35.6
Apr 21 2011 12:00:01 AM,0,0,0,35.6
Apr 21 2011 12:30:01 AM,0,0,0,25
Apr 21 2011 01:00:01 AM,0,0,0,0
Apr 21 2011 01:30:01 AM,0,0,0,36.4
Apr 21 2011 02:00:01 AM,0,0,0,0
Apr 21 2011 02:30:01 AM,0,0,0,36.9
Apr 21 2011 03:00:01 AM,0,0,0,0
Apr 21 2011 03:30:01 AM,0,0,0,38.9
Apr 21 2011 04:00:01 AM,0,0,0,0
Apr 21 2011 04:30:01 AM,0,0,0,0
Apr 21 2011 05:00:01 AM,0,0,0,37
Apr 21 2011 05:30:01 AM,0,0,0,0
Apr 21 2011 06:00:01 AM,0,0,0,0
Apr 21 2011 06:30:01 AM,0,0,0,32
Apr 21 2011 07:00:01 AM,0,0,0,0
Apr 21 2011 07:30:01 AM,0,0,0,0
Apr 21 2011 08:00:01 AM,0,0,0,36
Apr 21 2011 08:30:01 AM,0,0,0,0
Apr 21 2011 09:00:01 AM,0,0,0,32
Apr 21 2011 09:30:01 AM,0,0,0,0
Apr 21 2011 10:00:01 AM,22.4,21,11.94,20
Apr 21 2011 10:30:01 AM,22.4,21,12.57,35.8
Apr 21 2011 11:00:01 AM,22.4,21,12.26,0
Apr 21 2011 11:30:01 AM,22.4,21,12.55,35
Apr 21 2011 12:00:01 PM,22.4,21,12.5,0
Apr 21 2011 12:30:01 PM,22.06,21,12.46,0
Apr 21 2011 01:00:01 PM,22.06,21,11.81,35.5
Apr 21 2011 01:30:01 PM,22.06,21,11.73,0
Apr 21 2011 02:00:01 PM,22.06,21,12.7,0
Apr 21 2011 02:30:01 PM,22.06,21,11.65,35.4
Apr 21 2011 03:00:01 PM,22.06,21,11.48,0
Apr 21 2011 03:30:01 PM,22.06,21,12.78,0
Apr 21 2011 04:00:01 PM,22.06,21,12.42,49.2
Apr 21 2011 04:30:01 PM,22.06,21,12.19,63.4
Apr 21 2011 05:00:01 PM,22.06,21,12.09,0
Apr 21 2011 05:30:01 PM,22.06,21,11.76,31.3
Apr 21 2011 06:00:01 PM,22.06,21,12.18,52.5
Apr 21 2011 06:30:01 PM,22.06,21,12.09,47.8
Apr 21 2011 07:00:01 PM,22.06,21,11.59,0
Apr 21 2011 07:30:01 PM,21.73,21,13.03,60.4
Apr 21 2011 08:00:01 PM,22.73,21,12.62,62.9
Apr 21 2011 08:30:01 PM,23.07,21,11.66,62.9
Apr 21 2011 09:00:01 PM,23.41,21,12.44,27.1
Apr 21 2011 09:30:01 PM,23.41,21,13.01,0
Apr 21 2011 10:00:01 PM,23.75,21,12.02,0
Apr 21 2011 10:30:01 PM,24.09,21,12.39,0
Apr 21 2011 11:00:01 PM,24.09,21,12.83,20
Apr 21 2011 11:30:01 PM,24.09,21,12.8,0
Apr 22 2011 12:00:01 AM,24.09,21,11.73,0
Apr 22 2011 12:30:01 AM,24.43,21,11.41,39.1
Apr 22 2011 01:00:01 AM,24.43,21,11.28,58.4
Apr 22 2011 01:30:01 AM,24.43,21,12.01,59.1
Apr 22 2011 02:00:01 AM,24.43,21,12.29,49.3
Apr 22 2011 02:30:01 AM,24.43,21,12.45,34.4
Apr 22 2011 03:00:01 AM,24.43,21,12.43,58.8
Apr 22 2011 03:30:01 AM,24.43,21,12.11,60.7
Apr 22 2011 04:00:01 AM,24.43,21,12.1,58.9
Apr 22 2011 04:30:01 AM,24.43,21,12.44,0
Apr 22 2011 05:00:01 AM,24.43,21,12.41,37.4
Apr 22 2011 05:30:01 AM,24.43,21,12.1,58.9
Apr 22 2011 06:00:01 AM,24.43,21,12.05,58.9
Apr 22 2011 06:30:01 AM,24.43,21,12.36,58.7
Apr 22 2011 07:00:01 AM,24.43,21,12.47,0
Apr 22 2011 07:30:01 AM,24.43,21,12.43,0
Apr 22 2011 08:00:01 AM,24.43,21,12.76,0
Apr 22 2011 08:30:01 AM,24.43,21,12.01,0
Apr 22 2011 09:00:01 AM,24.43,21,11.74,18.5
Apr 22 2011 09:30:01 AM,24.43,21,12.15,38.9
Apr 22 2011 10:00:01 AM,24.77,21,11.85,0
Apr 22 2011 10:30:01 AM,24.77,21,11.57,58.5
Apr 22 2011 11:00:01 AM,25.12,21,11.83,59.8
Apr 22 2011 11:30:01 AM,23.75,21,12,59.8
Apr 22 2011 12:00:01 PM,23.07,18,9.97,45.1
Apr 22 2011 12:30:01 PM,23.07,18,10.07,35.1
Apr 22 2011 01:00:01 PM,22.73,18,10.24,43.8
Apr 22 2011 01:30:01 PM,22.73,18,9.98,34.1
Apr 22 2011 02:00:01 PM,22.73,18,10.37,44
Apr 22 2011 02:30:01 PM,22.73,20,10.14,33.2
Apr 22 2011 03:00:01 PM,22.73,20,10.29,33.2
Apr 22 2011 03:30:01 PM,22.4,20,9.86,33.2
Apr 22 2011 04:00:01 PM,22.4,20,10.22,40.7
Apr 22 2011 04:30:01 PM,22.4,20,10.45,0
Apr 22 2011 05:00:01 PM,22.4,20,9.98,0
Apr 22 2011 05:30:01 PM,22.06,20,10.45,0
Apr 22 2011 06:00:01 PM,22.4,22,10.03,0
Apr 22 2011 06:30:01 PM,23.41,22,10.04,0
Apr 22 2011 07:00:01 PM,23.75,22,10.08,0
Apr 22 2011 07:30:01 PM,24.09,22,10.51,33.9
Apr 22 2011 08:00:01 PM,24.09,22,9.91,33.9
Apr 22 2011 08:30:01 PM,24.09,22,9.72,0
Apr 22 2011 09:00:01 PM,24.43,22,11.57,0
Apr 22 2011 09:30:01 PM,24.43,22,11.85,33.8
Apr 22 2011 10:00:01 PM,24.77,22,12.2,0
Apr 22 2011 10:30:01 PM,24.77,22,12.46,0
Apr 22 2011 11:00:01 PM,24.77,22,12.68,33.8
Apr 22 2011 11:30:01 PM,24.77,22,12.93,0
Apr 23 2011 12:00:01 AM,24.77,22,12.16,0
Apr 23 2011 12:30:01 AM,24.77,22,11.86,34.2
Apr 23 2011 01:00:01 AM,25.12,22,11.63,0
Apr 23 2011 01:30:01 AM,25.12,22,0,34.6
Apr 23 2011 02:00:01 AM,25.12,22,0,34.6
Apr 23 2011 02:30:01 AM,25.12,22,0,0
Apr 23 2011 03:00:01 AM,25.12,22,0,34.2
Apr 23 2011 03:30:01 AM,25.12,22,0,0
Apr 23 2011 04:00:01 AM,25.12,22,0,0
Apr 23 2011 04:30:01 AM,25.12,22,0,33.9
Apr 23 2011 05:00:01 AM,25.12,22,0,0
Apr 23 2011 05:30:01 AM,25.12,22,0,24.7
Apr 23 2011 06:00:01 AM,25.12,22,0,0
Apr 23 2011 06:30:01 AM,25.12,22,0,0
Apr 23 2011 07:00:01 AM,25.12,22,0,34.4
Apr 23 2011 07:30:01 AM,25.12,22,0,0
Apr 23 2011 08:00:01 AM,25.12,22,0,24.8
Apr 23 2011 08:30:01 AM,23.75,22,0,0
Apr 23 2011 09:00:01 AM,23.41,22,0,0
Apr 23 2011 09:30:01 AM,23.07,22,0,0
Apr 23 2011 10:00:01 AM,23.07,22,0,0
Apr 23 2011 10:30:01 AM,22.73,22,0,34.5
Apr 23 2011 11:00:01 AM,23.41,22,0,0
Apr 23 2011 11:30:01 AM,23.07,22,0,34.5
Apr 23 2011 12:00:01 PM,23.07,22,0,0
Apr 23 2011 12:30:01 PM,23.07,22,0,20
Apr 23 2011 01:00:01 PM,23.07,22,0,34.6
Apr 23 2011 01:30:01 PM,23.07,22,0,0
Apr 23 2011 02:00:01 PM,23.07,22,0,35
Apr 23 2011 02:30:01 PM,23.07,22,0,0
Apr 23 2011 03:00:01 PM,23.07,24,0,0
Apr 23 2011 03:30:01 PM,23.41,24,0,31.1
Apr 23 2011 04:00:01 PM,24.09,24,0,64.2
Apr 23 2011 04:30:01 PM,23.75,24,0,65.3
Apr 23 2011 05:00:01 PM,24.09,24,0,0
Apr 23 2011 05:30:01 PM,23.75,24,0,0
Apr 23 2011 06:00:01 PM,24.09,24,0,0
Apr 23 2011 06:30:01 PM,24.09,24,0,0
Apr 23 2011 07:00:01 PM,23.75,24,0,0
Apr 23 2011 07:30:01 PM,24.09,24,0,0
Apr 23 2011 08:00:01 PM,24.43,24,0,0
Apr 23 2011 08:30:01 PM,24.43,24,0,0
Apr 23 2011 09:00:01 PM,24.77,24,0,55.2
Apr 23 2011 09:30:01 PM,24.77,24,0,53.6
Apr 23 2011 10:00:01 PM,24.77,24,0,52.5
Apr 23 2011 10:30:01 PM,25.12,24,0,49.2
Apr 23 2011 11:00:01 PM,25.12,24,0,56.6
Apr 23 2011 11:30:01 PM,25.12,24,0,0
Apr 24 2011 12:00:01 AM,25.12,24,0,0
Apr 24 2011 12:30:01 AM,25.12,24,0,0
Apr 24 2011 01:00:01 AM,25.12,24,0,0
Apr 24 2011 01:30:01 AM,25.12,24,0,0
Apr 24 2011 02:00:01 AM,25.12,24,0,0
Apr 24 2011 02:30:01 AM,25.12,24,0,0
Apr 24 2011 03:00:01 AM,25.12,24,0,0
Apr 24 2011 03:30:01 AM,25.12,24,0,38.8
Apr 24 2011 04:00:01 AM,25.12,24,0,64.9
Apr 24 2011 04:30:01 AM,25.12,24,0,0
Apr 24 2011 05:00:01 AM,25.12,24,11.82,53.9
Apr 24 2011 05:30:01 AM,25.12,24,11.66,51
Apr 24 2011 06:00:01 AM,25.12,24,11.22,0
Apr 24 2011 06:30:01 AM,25.46,24,11.23,63.6
Apr 24 2011 07:00:01 AM,25.46,24,11.71,40.4
Apr 24 2011 07:30:01 AM,25.46,24,11.72,39.9
Apr 24 2011 08:00:01 AM,25.46,24,12.99,0
Apr 24 2011 08:30:01 AM,24.09,24,12.53,0
Apr 24 2011 09:00:01 AM,23.41,24,12.44,0
Apr 24 2011 09:30:01 AM,24.09,24,12.55,0
Apr 24 2011 10:00:01 AM,23.75,24,12.2,40.4
Apr 24 2011 10:30:01 AM,24.09,24,12.77,0
Apr 24 2011 11:00:01 AM,24.09,24,11.99,60
Apr 24 2011 11:30:01 AM,23.75,24,12.64,62.8
Apr 24 2011 12:00:01 PM,24.43,24,12.39,47.3
Apr 24 2011 12:30:01 PM,24.09,24,12.36,34.4
Apr 24 2011 01:00:01 PM,23.75,24,11.82,45.1
Apr 24 2011 01:30:01 PM,23.75,24,12.61,35.5
Apr 24 2011 02:00:01 PM,24.43,24,12.87,35.3
Apr 24 2011 02:30:01 PM,24.09,24,12.5,35.3
Apr 24 2011 03:00:01 PM,23.75,23,12.33,35.3
Apr 24 2011 03:30:01 PM,23.41,23,11.84,0
Apr 24 2011 04:00:01 PM,23.07,23,12.67,0
Apr 24 2011 04:30:01 PM,23.07,23,13.04,0
Apr 24 2011 05:00:01 PM,23.07,23,12.41,0
Apr 24 2011 05:30:01 PM,23.07,23,12.68,0
Apr 24 2011 06:00:01 PM,22.73,23,11.84,0
Apr 24 2011 06:30:01 PM,22.73,23,12.09,36
Apr 24 2011 07:00:01 PM,23.41,23,11.74,36
Apr 24 2011 07:30:01 PM,22.73,23,12.14,36.1
Apr 24 2011 08:00:01 PM,23.75,23,12.37,0
Apr 24 2011 08:30:01 PM,24.09,23,11.82,0
Apr 24 2011 09:00:01 PM,24.43,23,12.25,0
Apr 24 2011 09:30:01 PM,24.77,23,12.7,0
Apr 24 2011 10:00:01 PM,24.77,23,11.81,34.7
Apr 24 2011 10:30:01 PM,24.77,23,12.45,0
Apr 24 2011 11:00:01 PM,24.77,23,13,20
Apr 24 2011 11:30:01 PM,25.12,23,12.93,35.2
Apr 25 2011 12:00:01 AM,25.12,23,12.39,0
Apr 25 2011 12:30:01 AM,25.12,23,12.5,39
Apr 25 2011 01:00:01 AM,25.12,23,11.66,0
Apr 25 2011 01:30:01 AM,25.12,23,11.82,0
Apr 25 2011 02:00:01 AM,25.12,23,11.67,34.7
Apr 25 2011 02:30:01 AM,25.12,23,11.73,0
Apr 25 2011 03:00:01 AM,25.12,23,11.71,20
Apr 25 2011 03:30:01 AM,25.12,23,11.73,0
Apr 25 2011 04:00:01 AM,25.12,23,11.69,0
Apr 25 2011 04:30:01 AM,25.12,23,11.65,34.8
Apr 25 2011 05:00:01 AM,25.12,23,12.22,0
Apr 25 2011 05:30:01 AM,25.12,23,12.04,0
Apr 25 2011 06:00:01 AM,25.12,23,12.37,34.7
Apr 25 2011 06:30:01 AM,25.12,23,12.65,0
Apr 25 2011 07:00:01 AM,25.46,23,12.65,0
Apr 25 2011 07:30:01 AM,25.46,23,13.13,35
Apr 25 2011 08:00:01 AM,25.46,23,13.15,0
Apr 25 2011 08:30:01 AM,24.77,23,14.19,0
Apr 25 2011 09:00:01 AM,24.09,23,11.9,35
Apr 25 2011 09:30:01 AM,23.75,23,12.8,20
Apr 25 2011 10:00:01 AM,23.41,23,12.85,0
Apr 25 2011 10:30:01 AM,23.41,23,12.61,0
Apr 25 2011 11:00:01 AM,23.41,23,12.22,35.1
Apr 25 2011 11:30:01 AM,23.41,23,12.56,0
Apr 25 2011 12:00:01 PM,23.41,23,11.63,0
Apr 25 2011 12:30:01 PM,23.41,23,11.7,34.9
Apr 25 2011 01:00:01 PM,23.41,23,12.33,0
Apr 25 2011 01:30:01 PM,23.41,23,12.91,0
Apr 25 2011 02:00:01 PM,23.41,23,11.63,35
Apr 25 2011 02:30:01 PM,23.41,23,12.79,0
Apr 25 2011 03:00:01 PM,23.07,23,12.73,19.3
Apr 25 2011 03:30:01 PM,23.07,23,11.9,35.4
Apr 25 2011 04:00:01 PM,23.07,23,12.47,47.5
Apr 25 2011 04:30:01 PM,23.07,23,12.1,49.3
Apr 25 2011 05:00:01 PM,23.07,23,12.06,0
Apr 25 2011 05:30:01 PM,23.07,23,12.57,50.8
Apr 25 2011 06:00:01 PM,22.73,23,12,62.9
Apr 25 2011 06:30:01 PM,22.73,23,12.29,52.8
Apr 25 2011 07:00:01 PM,22.73,23,12.15,51.5
Apr 25 2011 07:30:01 PM,23.41,23,12.26,62
Apr 25 2011 08:00:01 PM,24.09,23,12,49.4
Apr 25 2011 08:30:01 PM,24.43,23,11.75,62.6
Apr 25 2011 09:00:01 PM,24.43,23,12.43,63.1
Apr 25 2011 09:30:01 PM,24.77,23,12.12,63.3
Apr 25 2011 10:00:01 PM,24.77,23,12.7,0
Apr 25 2011 10:30:01 PM,24.77,23,11.67,0
Apr 25 2011 11:00:01 PM,24.77,23,12.45,0
Apr 25 2011 11:30:01 PM,25.12,23,12.88,62.9
Apr 26 2011 12:00:01 AM,25.12,23,11.95,62.9
Apr 26 2011 12:30:01 AM,25.12,23,12.27,62.9
Apr 26 2011 01:00:01 AM,25.12,23,13.07,62.9
Apr 26 2011 01:30:01 AM,25.12,23,12.88,62.9
Apr 26 2011 02:00:01 AM,25.12,23,12.49,0
Apr 26 2011 02:30:01 AM,25.12,23,11.98,0
Apr 26 2011 03:00:01 AM,25.12,23,12.02,0
Apr 26 2011 03:30:01 AM,25.12,23,11.97,0
Apr 26 2011 04:00:01 AM,25.46,23,12.16,0
Apr 26 2011 04:30:01 AM,25.46,23,12.41,0
Apr 26 2011 05:00:01 AM,25.46,23,13.14,58.2
Apr 26 2011 05:30:01 AM,25.46,23,12.78,46.9
Apr 26 2011 06:00:01 AM,25.46,23,12.5,0
Apr 26 2011 06:30:01 AM,25.46,23,12.5,0
Apr 26 2011 07:00:01 AM,25.46,23,12.99,62.8
Apr 26 2011 07:30:01 AM,25.46,23,13.22,0
Apr 26 2011 08:00:01 AM,25.81,23,11.7,0
Apr 26 2011 08:30:01 AM,24.43,23,12.85,50.7
Apr 26 2011 09:00:01 AM,23.75,23,12.59,64.1
Apr 26 2011 09:30:01 AM,23.75,23,12.54,51.7
Apr 26 2011 10:00:01 AM,23.41,23,11.94,58.7
Apr 26 2011 10:30:01 AM,23.41,23,13.85,57.1
Apr 26 2011 11:00:01 AM,23.41,23,13.97,0
Apr 26 2011 11:30:01 AM,23.75,23,13.35,0
Apr 26 2011 12:00:01 PM,23.75,23,12.85,0
Apr 26 2011 12:30:01 PM,23.75,23,11.6,0
Apr 26 2011 01:00:01 PM,23.75,23,11.11,0
Apr 26 2011 01:30:01 PM,23.41,23,11.96,0
Apr 26 2011 02:00:01 PM,23.41,23,12.06,0
Apr 26 2011 02:30:01 PM,23.41,23,11.38,0
Apr 26 2011 03:00:01 PM,23.41,23,11.77,0
Apr 26 2011 03:30:01 PM,23.41,23,11.86,44.2
Apr 26 2011 04:00:01 PM,23.07,23,11.97,33.9
Apr 26 2011 04:30:01 PM,22.73,23,12.55,19.7
Apr 26 2011 05:00:01 PM,22.73,23,13.11,34.8
Apr 26 2011 05:30:01 PM,23.07,23,13.94,34.8
Apr 26 2011 06:00:01 PM,23.07,23,13.52,36.1
Apr 26 2011 06:30:01 PM,23.07,23,13.2,0
Apr 26 2011 07:00:01 PM,23.07,23,13.7,0
Apr 26 2011 07:30:01 PM,22.73,23,12.26,34.1
Apr 26 2011 08:00:01 PM,23.75,23,12.87,0
Apr 26 2011 08:30:01 PM,24.09,23,12.35,0
Apr 26 2011 09:00:01 PM,24.43,23,12.36,34.1
Apr 26 2011 09:30:01 PM,24.43,23,12.39,0
Apr 26 2011 10:00:01 PM,24.77,23,12,0
Apr 26 2011 10:30:01 PM,24.77,23,11.7,34.4
Apr 26 2011 11:00:01 PM,25.12,23,12.62,0
Apr 26 2011 11:30:01 PM,25.12,23,12.29,34.7
Apr 27 2011 12:00:01 AM,25.12,23,12.37,0
Apr 27 2011 12:30:01 AM,25.12,23,13.25,32.1
Apr 27 2011 01:00:01 AM,25.12,23,12.11,0
Apr 27 2011 01:30:01 AM,25.46,23,13.24,0
Apr 27 2011 02:00:01 AM,25.46,23,12.66,35
Apr 27 2011 02:30:01 AM,25.46,23,12.59,0
Apr 27 2011 03:00:01 AM,25.46,23,12.67,19.8
Apr 27 2011 03:30:01 AM,25.46,23,11.88,0
Apr 27 2011 04:00:01 AM,25.46,23,11.94,0
Apr 27 2011 04:30:01 AM,25.46,23,12,36.8
Apr 27 2011 05:00:01 AM,25.46,23,11.94,35.1
Apr 27 2011 05:30:01 AM,25.46,23,12.27,0
Apr 27 2011 06:00:01 AM,25.46,23,12.59,34.9
Apr 27 2011 06:30:01 AM,25.81,23,12.55,0
Apr 27 2011 07:00:01 AM,25.81,23,12.94,0
Apr 27 2011 07:30:01 AM,25.81,23,14.39,0
Apr 27 2011 08:00:01 AM,26.16,23,14.93,0
Apr 27 2011 08:30:01 AM,24.77,23,12.82,0
Apr 27 2011 09:00:01 AM,24.09,23,11.88,0
Apr 27 2011 09:30:01 AM,23.75,23,12.79,35.4
Apr 27 2011 10:00:01 AM,23.75,23,12.53,0
Apr 27 2011 10:30:01 AM,23.41,23,11.67,35.5
Apr 27 2011 11:00:01 AM,23.41,23,12.35,0
Apr 27 2011 11:30:01 AM,23.41,23,13.56,0
Apr 27 2011 12:00:01 PM,23.41,23,13.46,0
Apr 27 2011 12:30:01 PM,23.41,23,14.03,0
Apr 27 2011 01:00:01 PM,23.07,23,11.19,0
Apr 27 2011 01:30:01 PM,23.07,23,11.74,0
Apr 27 2011 02:00:01 PM,23.07,23,11.86,35.6
Apr 27 2011 02:30:01 PM,22.73,23,11.93,0
Apr 27 2011 03:00:01 PM,22.73,23,12.16,0
Apr 27 2011 03:30:01 PM,22.73,23,11.75,36.8
Apr 27 2011 04:00:01 PM,23.07,23,11.38,50
Apr 27 2011 04:30:01 PM,22.73,23,12.07,61.4
Apr 27 2011 05:00:01 PM,23.07,23,12.15,45.4
Apr 27 2011 05:30:01 PM,23.07,23,12.39,0
Apr 27 2011 06:00:01 PM,22.73,23,12.91,0
Apr 27 2011 06:30:01 PM,23.41,23,12.43,0
Apr 27 2011 07:00:01 PM,22.73,23,12.36,0
Apr 27 2011 07:30:01 PM,23.41,23,12.12,0
Apr 27 2011 08:00:01 PM,24.43,23,12.31,0
Apr 27 2011 08:30:01 PM,24.43,23,12.88,0
Apr 27 2011 09:00:01 PM,24.77,23,12.36,64.3
Apr 27 2011 09:30:01 PM,24.77,23,12.16,54.7
Apr 27 2011 10:00:01 PM,24.77,23,12.97,64.1
Apr 27 2011 10:30:01 PM,25.12,23,13.29,47.8
Apr 27 2011 11:00:01 PM,25.12,23,12.05,66
Apr 27 2011 11:30:01 PM,25.12,23,11.97,66.5
Apr 28 2011 12:00:01 AM,25.12,23,12.46,66.5
Apr 28 2011 12:30:01 AM,25.12,23,12.34,66.5
Apr 28 2011 01:00:01 AM,25.12,23,13.38,66.5
Apr 28 2011 01:30:01 AM,25.12,23,12.26,66.5
Apr 28 2011 02:00:01 AM,25.12,23,13.11,56.5
Apr 28 2011 02:30:01 AM,25.12,23,12.93,31.5
Apr 28 2011 03:00:01 AM,25.46,23,12.09,47.6
Apr 28 2011 03:30:01 AM,25.46,23,13.14,69
Apr 28 2011 04:00:01 AM,25.46,23,12.98,64.6
Apr 28 2011 04:30:01 AM,25.46,23,12.13,0
Apr 28 2011 05:00:01 AM,25.46,23,12.63,20
Apr 28 2011 05:30:01 AM,25.46,23,13.06,52.2
Apr 28 2011 06:00:01 AM,25.46,23,11.9,63.2
Apr 28 2011 06:30:01 AM,25.46,23,12.55,63.2
Apr 28 2011 07:00:01 AM,25.46,23,13.05,63.2
Apr 28 2011 07:30:01 AM,25.46,23,12.25,63.2
Apr 28 2011 08:00:01 AM,25.46,23,13.58,53.2
Apr 28 2011 08:30:01 AM,24.43,23,12.76,35.2
Apr 28 2011 09:00:01 AM,23.75,23,13.08,34.2
Apr 28 2011 09:30:01 AM,23.41,23,13.65,63.4
Apr 28 2011 10:00:01 AM,23.41,23,13.78,47.6
Apr 28 2011 10:30:01 AM,23.41,23,12.46,33.4
Apr 28 2011 11:00:01 AM,23.07,23,11.36,33.4
Apr 28 2011 11:30:01 AM,23.07,23,11.61,33.4
Apr 28 2011 12:00:01 PM,22.73,23,11.3,35.4
Apr 28 2011 12:30:01 PM,22.73,23,11.83,0
Apr 28 2011 01:00:01 PM,22.73,23,11.76,0
Apr 28 2011 01:30:01 PM,23.41,23,11.74,0
Apr 28 2011 02:00:01 PM,23.07,23,11.89,36.1
Apr 28 2011 02:30:01 PM,22.73,23,11.76,36.1
Apr 28 2011 03:00:01 PM,22.73,23,11.83,0
Apr 28 2011 03:30:01 PM,23.41,23,12.11,20
Apr 28 2011 04:00:01 PM,23.07,23,11.48,0
Apr 28 2011 04:30:01 PM,23.07,23,12.22,0
Apr 28 2011 05:00:01 PM,22.73,23,12.48,37.4
Apr 28 2011 05:30:01 PM,22.73,23,12.01,0
Apr 28 2011 06:00:01 PM,22.73,23,11.66,19.8
Apr 28 2011 06:30:01 PM,23.41,23,11.29,0
Apr 28 2011 07:00:01 PM,22.73,23,11.86,0
Apr 28 2011 07:30:01 PM,23.41,23,11.81,36.5
Apr 28 2011 08:00:01 PM,24.09,23,12.8,0
Apr 28 2011 08:30:01 PM,24.09,23,12.3,36.3
Apr 28 2011 09:00:01 PM,24.43,23,12.56,0
Apr 28 2011 09:30:01 PM,24.43,23,12.55,0
Apr 28 2011 10:00:01 PM,24.43,23,13.27,0
Apr 28 2011 10:30:01 PM,24.77,23,12.61,0
Apr 28 2011 11:00:01 PM,24.77,23,12.71,0
Apr 28 2011 11:30:01 PM,24.77,23,12.79,0
Apr 29 2011 12:00:01 AM,24.77,23,12.98,36.2
Apr 29 2011 12:30:01 AM,25.12,23,12.78,0
Apr 29 2011 01:00:01 AM,25.12,23,12.64,36.6
Apr 29 2011 01:30:01 AM,25.12,23,13.39,0
Apr 29 2011 02:00:01 AM,25.12,23,12.84,19.7
Apr 29 2011 02:30:01 AM,25.12,23,12.72,0
Apr 29 2011 03:00:01 AM,25.12,23,12.37,20
Apr 29 2011 03:30:01 AM,25.12,23,13.32,0
Apr 29 2011 04:00:01 AM,25.12,23,12.3,0
Apr 29 2011 04:30:01 AM,25.12,23,13.34,0
Apr 29 2011 05:00:01 AM,25.12,23,12.34,0
Apr 29 2011 05:30:01 AM,25.12,23,13.14,35.9
Apr 29 2011 06:00:01 AM,25.12,23,12.17,0
Apr 29 2011 06:30:01 AM,24.77,23,13.14,35.2
Apr 29 2011 07:00:01 AM,24.77,23,12.98,0
Apr 29 2011 07:30:01 AM,24.77,23,12.63,0
Apr 29 2011 08:00:01 AM,24.77,23,12.44,0
Apr 29 2011 08:30:01 AM,25.12,23,12.91,0
Apr 29 2011 09:00:01 AM,25.46,23,12.9,0
Apr 29 2011 09:30:01 AM,25.46,23,12.55,0
Apr 29 2011 10:00:01 AM,25.81,23,12.91,35.8
Apr 29 2011 10:30:01 AM,25.81,23,12.73,0
Apr 29 2011 11:00:01 AM,26.16,23,12.63,24.9
Apr 29 2011 11:30:01 AM,26.16,23,12.72,0
Apr 29 2011 12:00:01 PM,26.51,23,12.84,0
Apr 29 2011 12:30:01 PM,26.51,23,13.02,0
Apr 29 2011 01:00:01 PM,26.51,23,12.83,0
Apr 29 2011 01:30:01 PM,26.86,23,12.56,35.9
Apr 29 2011 02:00:01 PM,26.86,23,13.14,0
Apr 29 2011 02:30:01 PM,26.86,23,13.12,35.8
Apr 29 2011 03:00:01 PM,26.86,23,13.04,0
Apr 29 2011 03:30:01 PM,26.86,23,12.89,36
Apr 29 2011 04:00:01 PM,26.86,23,12.91,0
Apr 29 2011 04:30:01 PM,26.86,23,13.16,0
Apr 29 2011 05:00:01 PM,26.86,23,13.22,31.9
Apr 29 2011 05:30:01 PM,26.86,23,12.47,36.3
Apr 29 2011 06:00:01 PM,26.86,23,13.14,0
Apr 29 2011 06:30:01 PM,26.86,23,12.52,0
Apr 29 2011 07:00:01 PM,26.86,23,13.46,0
Apr 29 2011 07:30:01 PM,26.86,23,12.62,0
Apr 29 2011 08:00:01 PM,26.86,23,13.72,35.9
Apr 29 2011 08:30:01 PM,26.86,23,13.14,0
Apr 29 2011 09:00:01 PM,26.86,23,13.1,0
Apr 29 2011 09:30:01 PM,26.86,23,13.51,35.6
Apr 29 2011 10:00:01 PM,26.51,23,12.72,0
Apr 29 2011 10:30:01 PM,26.51,23,12.65,0
Apr 29 2011 11:00:01 PM,26.51,23,12.91,35.8
Apr 29 2011 11:30:01 PM,26.51,23,12.93,0
Apr 30 2011 12:00:01 AM,26.51,23,12.86,20
Apr 30 2011 12:30:01 AM,26.16,23,12.88,36
Apr 30 2011 01:00:01 AM,26.16,23,12.82,0
Apr 30 2011 01:30:01 AM,26.16,23,12.81,0
Apr 30 2011 02:00:01 AM,26.16,23,12.57,35.1
Apr 30 2011 02:30:01 AM,26.16,23,13.12,0
Apr 30 2011 03:00:01 AM,26.16,23,13.52,0
Apr 30 2011 03:30:01 AM,26.16,23,12.42,35.9
Apr 30 2011 04:00:01 AM,26.16,23,12.89,0
Apr 30 2011 04:30:01 AM,26.16,23,13.06,0
Apr 30 2011 05:00:01 AM,26.16,23,12.72,46.1
Apr 30 2011 05:30:01 AM,25.81,23,13.19,33
Apr 30 2011 06:00:01 AM,25.81,23,12.07,33
Apr 30 2011 06:30:01 AM,25.81,23,13.2,0
Apr 30 2011 07:00:01 AM,25.81,23,12.7,0
Apr 30 2011 07:30:01 AM,25.81,23,13.27,0
Apr 30 2011 08:00:01 AM,25.81,23,14,0
Apr 30 2011 08:30:01 AM,24.77,23,13.88,34.8
Apr 30 2011 09:00:01 AM,24.09,23,14.12,0
Apr 30 2011 09:30:01 AM,24.09,23,13.29,35.1
Apr 30 2011 10:00:01 AM,23.75,23,14.14,33.7
Apr 30 2011 10:30:01 AM,23.75,23,13.23,0
Apr 30 2011 11:00:01 AM,23.75,23,13.79,0
Apr 30 2011 11:30:01 AM,23.41,23,13.32,35.5
Apr 30 2011 12:00:01 PM,23.75,23,14.15,0
Apr 30 2011 12:30:01 PM,23.75,23,12.79,35.2
Apr 30 2011 01:00:01 PM,23.75,23,12.04,0
Apr 30 2011 01:30:01 PM,23.41,23,11.89,0
Apr 30 2011 02:00:01 PM,23.41,23,12.14,35.9
Apr 30 2011 02:30:01 PM,23.41,23,11.96,0
Apr 30 2011 03:00:01 PM,23.07,23,12.5,33.8
Apr 30 2011 03:30:01 PM,23.07,23,12.7,0
Apr 30 2011 04:00:01 PM,23.07,23,12.28,0
Apr 30 2011 04:30:01 PM,23.07,23,13.06,0
Apr 30 2011 05:00:01 PM,23.07,23,14.18,0
Apr 30 2011 05:30:01 PM,23.07,23,13.58,36.3
Apr 30 2011 06:00:01 PM,23.07,23,12.98,0
Apr 30 2011 06:30:01 PM,23.07,23,13.28,36.4
Apr 30 2011 07:00:01 PM,22.73,23,12.8,0
Apr 30 2011 07:30:01 PM,22.4,23,13.04,37.1
Apr 30 2011 08:00:01 PM,24.09,23,12.93,0
Apr 30 2011 08:30:01 PM,24.43,23,12.47,25
Apr 30 2011 09:00:01 PM,24.77,23,12.91,0
Apr 30 2011 09:30:01 PM,24.77,23,13.37,20
Apr 30 2011 10:00:01 PM,25.12,23,12.51,0
Apr 30 2011 10:30:01 PM,25.12,23,12.82,0
Apr 30 2011 11:00:01 PM,25.12,23,12.81,36.8
Apr 30 2011 11:30:01 PM,25.12,23,12.63,0
