time,ch3_cktA_suction_pressure,ch3_cktA_exv_position,ch3_cktA_percent_total_capacity,ch3_cktA_compressor_suction_superheat_temp,cmn_chws_temp
Apr 1 2011 12:00:01 AM,0,0,0,0,0
Apr 1 2011 12:30:01 AM,0,0,0,0,0
Apr 1 2011 01:00:01 AM,0,0,0,0,0
Apr 1 2011 01:30:01 AM,0,0,0,0,0
Apr 1 2011 02:00:01 AM,0,0,0,0,0
Apr 1 2011 02:30:01 AM,0,0,0,0,0
Apr 1 2011 03:00:01 AM,0,0,0,0,0
Apr 1 2011 03:30:01 AM,0,0,0,0,0
Apr 1 2011 04:00:01 AM,0,0,0,0,0
Apr 1 2011 04:30:01 AM,0,0,0,0,0
Apr 1 2011 05:00:01 AM,0,0,0,0,0
Apr 1 2011 05:30:01 AM,0,0,0,0,0
Apr 1 2011 06:00:01 AM,0,0,0,0,0
Apr 1 2011 06:30:01 AM,0,0,0,0,0
Apr 1 2011 07:00:01 AM,0,0,0,0,0
Apr 1 2011 07:30:01 AM,0,0,0,0,0
Apr 1 2011 08:00:01 AM,0,0,0,0,0
Apr 1 2011 08:30:01 AM,0,0,0,0,0
Apr 1 2011 09:00:01 AM,0,0,0,0,0
Apr 1 2011 09:30:01 AM,0,0,0,0,0
Apr 1 2011 10:00:01 AM,0,0,0,0,0
Apr 1 2011 10:30:01 AM,0,0,0,0,0
Apr 1 2011 11:00:01 AM,0,0,0,0,0
Apr 1 2011 11:30:01 AM,0,0,0,0,0
Apr 1 2011 12:00:01 PM,0,0,0,0,0
Apr 1 2011 12:30:01 PM,0,0,0,0,0
Apr 1 2011 01:00:01 PM,0,0,0,0,0
Apr 1 2011 01:30:01 PM,0,0,0,0,0
Apr 1 2011 02:00:01 PM,0,0,0,0,0
Apr 1 2011 02:30:01 PM,0,0,0,0,0
Apr 1 2011 03:00:01 PM,0,0,0,0,0
Apr 1 2011 03:30:01 PM,0,0,0,0,0
Apr 1 2011 04:00:01 PM,0,0,0,0,0
Apr 1 2011 04:30:01 PM,0,0,0,0,0
Apr 1 2011 05:00:01 PM,0,0,0,0,0
Apr 1 2011 05:30:01 PM,0,0,0,0,0
Apr 1 2011 06:00:01 PM,0,0,0,0,0
Apr 1 2011 06:30:01 PM,0,0,0,0,0
Apr 1 2011 07:00:01 PM,0,0,0,0,0
Apr 1 2011 07:30:01 PM,0,0,0,0,0
Apr 1 2011 08:00:01 PM,0,0,0,0,0
Apr 1 2011 08:30:01 PM,0,0,0,0,0
Apr 1 2011 09:00:01 PM,0,0,0,0,0
Apr 1 2011 09:30:01 PM,0,0,0,0,0
Apr 1 2011 10:00:01 PM,0,0,0,0,0
Apr 1 2011 10:30:01 PM,0,0,0,0,0
Apr 1 2011 11:00:01 PM,0,0,0,0,0
Apr 1 2011 11:30:01 PM,0,0,0,0,0
Apr 2 2011 12:00:01 AM,0,0,0,0,0
Apr 2 2011 12:30:01 AM,0,0,0,0,0
Apr 2 2011 01:00:01 AM,0,0,0,0,0
Apr 2 2011 01:30:01 AM,0,0,0,0,0
Apr 2 2011 02:00:01 AM,0,0,0,0,0
Apr 2 2011 02:30:01 AM,0,0,0,0,0
Apr 2 2011 03:00:01 AM,0,0,0,0,0
Apr 2 2011 03:30:01 AM,0,0,0,0,0
Apr 2 2011 04:00:01 AM,0,0,0,0,0
Apr 2 2011 04:30:01 AM,0,0,0,0,0
Apr 2 2011 05:00:01 AM,0,0,0,0,0
Apr 2 2011 05:30:01 AM,0,0,0,0,0
Apr 2 2011 06:00:01 AM,0,0,0,0,0
Apr 2 2011 06:30:01 AM,0,0,0,0,0
Apr 2 2011 07:00:01 AM,0,0,0,0,0
Apr 2 2011 07:30:01 AM,0,0,0,0,0
Apr 2 2011 08:00:01 AM,0,0,0,0,0
Apr 2 2011 08:30:01 AM,0,0,0,0,0
Apr 2 2011 09:00:01 AM,0,0,0,0,0
Apr 2 2011 09:30:01 AM,0,0,0,0,0
Apr 2 2011 10:00:01 AM,0,0,0,0,0
Apr 2 2011 10:30:01 AM,0,0,0,0,0
Apr 2 2011 11:00:01 AM,0,0,0,0,0
Apr 2 2011 11:30:01 AM,0,0,0,0,0
Apr 2 2011 12:00:01 PM,0,0,0,0,0
Apr 2 2011 12:30:01 PM,0,0,0,0,0
Apr 2 2011 01:00:01 PM,0,0,0,0,0
Apr 2 2011 01:30:01 PM,0,0,0,0,0
Apr 2 2011 02:00:01 PM,0,0,0,0,0
Apr 2 2011 02:30:01 PM,0,0,0,0,0
Apr 2 2011 03:00:01 PM,0,0,0,0,0
Apr 2 2011 03:30:01 PM,0,0,0,0,0
Apr 2 2011 04:00:01 PM,0,0,0,0,0
Apr 2 2011 04:30:01 PM,0,0,0,0,0
Apr 2 2011 05:00:01 PM,0,0,0,0,0
Apr 2 2011 05:30:01 PM,0,0,0,0,0
Apr 2 2011 06:00:01 PM,0,0,0,0,0
Apr 2 2011 06:30:01 PM,0,0,0,0,0
Apr 2 2011 07:00:01 PM,0,0,0,0,0
Apr 2 2011 07:30:01 PM,0,0,0,0,0
Apr 2 2011 08:00:01 PM,0,0,0,0,0
Apr 2 2011 08:30:01 PM,0,0,0,0,0
Apr 2 2011 09:00:01 PM,0,0,0,0,0
Apr 2 2011 09:30:01 PM,0,0,0,0,0
Apr 2 2011 10:00:01 PM,0,0,0,0,0
Apr 2 2011 10:30:01 PM,0,0,0,0,0
Apr 2 2011 11:00:01 PM,0,0,0,0,0
Apr 2 2011 11:30:01 PM,0,0,0,0,0
Apr 3 2011 12:00:01 AM,0,0,0,0,0
Apr 3 2011 12:30:01 AM,0,0,0,0,0
Apr 3 2011 01:00:01 AM,0,0,0,0,0
Apr 3 2011 01:30:01 AM,0,0,0,0,0
Apr 3 2011 02:00:01 AM,0,0,0,0,0
Apr 3 2011 02:30:01 AM,0,0,0,0,0
Apr 3 2011 03:00:01 AM,0,0,0,0,0
Apr 3 2011 03:30:01 AM,0,0,0,0,0
Apr 3 2011 04:00:01 AM,0,0,0,0,0
Apr 3 2011 04:30:01 AM,120.3,0,0,0,26.06
Apr 3 2011 05:00:01 AM,67.4,42.1,50,8.72,11.72
Apr 3 2011 05:30:01 AM,52.9,47.4,75,7.89,7.56
Apr 3 2011 06:00:01 AM,53.1,33.7,50,7.78,8.72
Apr 3 2011 06:30:01 AM,61.2,36,50,3.72,8.89
Apr 3 2011 07:00:01 AM,62.9,36.8,50,3.06,8.94
Apr 3 2011 07:30:01 AM,60.9,56.6,75,0.72,8.44
Apr 3 2011 08:00:01 AM,60.8,54.5,75,1.22,8.61
Apr 3 2011 08:30:01 AM,61.5,54.4,75,0.78,8.72
Apr 3 2011 09:00:01 AM,59.3,51.3,75,2.39,7.28
Apr 3 2011 09:30:01 AM,62.9,39.5,50,2.61,7.11
Apr 3 2011 10:00:01 AM,50.3,31.8,50,10.22,8.72
Apr 3 2011 10:30:01 AM,22.2,0,0,42,11.94
Apr 3 2011 11:00:01 AM,56.9,47.9,75,4.44,6.17
Apr 3 2011 11:30:01 AM,57.6,49.6,75,2.94,6.22
Apr 3 2011 12:00:01 PM,62.5,36.9,50,3.39,7.83
Apr 3 2011 12:30:01 PM,62.9,39.1,50,3.22,8.28
Apr 3 2011 01:00:01 PM,57,48.2,75,7,7.89
Apr 3 2011 01:30:01 PM,60.9,50.5,75,2.22,8.28
Apr 3 2011 02:00:01 PM,59.9,34.6,50,4.22,7.72
Apr 3 2011 02:30:01 PM,65,37.3,50,3.22,8.33
Apr 3 2011 03:00:01 PM,59.9,48.7,75,3.78,6.94
Apr 3 2011 03:30:01 PM,56.3,47,75,6.22,7.39
Apr 3 2011 04:00:01 PM,63.7,36.9,50,3.17,7.67
Apr 3 2011 04:30:01 PM,63.7,37.3,50,3.39,8
Apr 3 2011 05:00:01 PM,60,50.3,75,3.5,7.72
Apr 3 2011 05:30:01 PM,16.4,0,0,43,13.5
Apr 3 2011 06:00:01 PM,64.1,35.2,50,12.17,16.39
Apr 3 2011 06:30:01 PM,57.7,45.7,75,4.61,7.11
Apr 3 2011 07:00:01 PM,17.9,0,0,41.39,13.83
Apr 3 2011 07:30:01 PM,23.5,0,0,32,15.72
Apr 3 2011 08:00:01 PM,28.3,0,0,25.78,16.5
Apr 3 2011 08:30:01 PM,33.1,0,0,22.67,22.44
Apr 3 2011 09:00:01 PM,37.4,0,0,19.28,24.5
Apr 3 2011 09:30:01 PM,41.5,0,0,17.78,25.33
Apr 3 2011 10:00:01 PM,45.4,0,0,15.83,25.67
Apr 3 2011 10:30:01 PM,49.3,0,0,13.94,25.83
Apr 3 2011 11:00:01 PM,53.4,0,0,13.28,26.06
Apr 3 2011 11:30:01 PM,57.4,0,0,11.94,25.94
Apr 4 2011 12:00:01 AM,61.5,0,0,11.28,25.83
Apr 4 2011 12:30:01 AM,65.7,0,0,10.17,25.83
Apr 4 2011 01:00:01 AM,69.8,0,0,8.72,25.94
Apr 4 2011 01:30:01 AM,74,0,0,7.89,25.94
Apr 4 2011 02:00:01 AM,78.2,0,0,6.44,26.06
Apr 4 2011 02:30:01 AM,82.2,0,0,5,26.06
Apr 4 2011 03:00:01 AM,86.4,0,0,3.94,26.06
Apr 4 2011 03:30:01 AM,91.2,0,0,2.61,26.06
Apr 4 2011 04:00:01 AM,97.6,0,0,0.78,26.06
Apr 4 2011 04:30:01 AM,110.5,0,0,0,26.11
Apr 4 2011 05:00:01 AM,74,60,75,1.5,13.17
Apr 4 2011 05:30:01 AM,53.4,58.3,100,3.56,5.89
Apr 4 2011 06:00:01 AM,61.6,36.6,50,2.39,7.06
Apr 4 2011 06:30:01 AM,57.4,51.6,75,6.22,7.5
Apr 4 2011 07:00:01 AM,63.1,39,50,2.78,8.72
Apr 4 2011 07:30:01 AM,63.8,40.4,50,2.67,9.22
Apr 4 2011 08:00:01 AM,57.7,37,50,6.94,8.5
Apr 4 2011 08:30:01 AM,22.9,0,0,38.28,13.94
Apr 4 2011 09:00:01 AM,29.5,0,0,30.67,12.89
Apr 4 2011 09:30:01 AM,62.9,37.1,50,1.5,7.06
Apr 4 2011 10:00:01 AM,62.5,36.6,50,2.78,7.06
Apr 4 2011 10:30:01 AM,60.6,49,75,3.11,8
Apr 4 2011 11:00:01 AM,58.7,34.5,50,5.83,8.28
Apr 4 2011 11:30:01 AM,65.3,35.1,50,3.56,8.11
Apr 4 2011 12:00:01 PM,65.8,36.3,50,2.61,8.11
Apr 4 2011 12:30:01 PM,60,46.1,75,3,7.22
Apr 4 2011 01:00:01 PM,60.6,46.1,75,2,7.67
Apr 4 2011 01:30:01 PM,59.2,45.7,75,0.22,6.67
Apr 4 2011 02:00:01 PM,59.8,46.6,75,5.44,7.06
Apr 4 2011 02:30:01 PM,59.6,48.6,75,4.33,7.56
Apr 4 2011 03:00:01 PM,60,48.1,75,2.22,7.56
Apr 4 2011 03:30:01 PM,56.4,42.7,75,0.89,7.5
Apr 4 2011 04:00:01 PM,59.5,49.5,75,2.89,7.11
Apr 4 2011 04:30:01 PM,65.1,40.4,50,2.67,8.28
Apr 4 2011 05:00:01 PM,64.5,38.4,50,3.17,8.33
Apr 4 2011 05:30:01 PM,65.6,40,50,2,8.17
Apr 4 2011 06:00:01 PM,66.6,41,50,2.39,8.94
Apr 4 2011 06:30:01 PM,65.7,41.1,50,3,8.72
Apr 4 2011 07:00:01 PM,65.3,40.7,50,2.94,8.33
Apr 4 2011 07:30:01 PM,25.7,0,0,37.11,18.44
Apr 4 2011 08:00:01 PM,32.1,0,0,29.94,23.5
Apr 4 2011 08:30:01 PM,32.7,0,0,29.17,23.72
Apr 4 2011 09:00:01 PM,37.6,0,0,25,25.06
Apr 4 2011 09:30:01 PM,42.7,0,0,22.28,25.61
Apr 4 2011 10:00:01 PM,47.4,0,0,19.5,25.83
Apr 4 2011 10:30:01 PM,51.9,0,0,17.61,26.06
Apr 4 2011 11:00:01 PM,56.4,0,0,15.5,26.11
Apr 4 2011 11:30:01 PM,60.8,0,0,13.61,26.06
Apr 5 2011 12:00:01 AM,65,0,0,12.44,26.06
Apr 5 2011 12:30:01 AM,69,0,0,10.94,26.06
Apr 5 2011 01:00:01 AM,73.4,0,0,9.94,26.06
Apr 5 2011 01:30:01 AM,77.6,0,0,8.5,26.06
Apr 5 2011 02:00:01 AM,81.8,0,0,7.28,26.11
Apr 5 2011 02:30:01 AM,86,0,0,6.17,26.11
Apr 5 2011 03:00:01 AM,90.3,0,0,4.72,26.22
Apr 5 2011 03:30:01 AM,95,0,0,3.11,26.22
Apr 5 2011 04:00:01 AM,100.3,0,0,1.94,26.22
Apr 5 2011 04:30:01 AM,107.6,0,0,0,26.22
Apr 5 2011 05:00:01 AM,74.1,59.2,75,6,12.89
Apr 5 2011 05:30:01 AM,58.3,35.7,50,5.56,7.72
Apr 5 2011 06:00:01 AM,61.5,37.1,50,3.83,7.11
Apr 5 2011 06:30:01 AM,60,48.7,75,5,7.83
Apr 5 2011 07:00:01 AM,62.8,36,50,2.67,7.28
Apr 5 2011 07:30:01 AM,60.5,48.8,75,1.78,7.67
Apr 5 2011 08:00:01 AM,63.5,37.9,50,3,7.89
Apr 5 2011 08:30:01 AM,60.2,48.5,75,2.89,7.72
Apr 5 2011 09:00:01 AM,60.9,48.8,75,2.22,8
Apr 5 2011 09:30:01 AM,59.8,46.9,75,3.33,7.5
Apr 5 2011 10:00:01 AM,60.2,47.5,75,4.22,7.56
Apr 5 2011 10:30:01 AM,61.1,46.2,75,1.94,7.83
Apr 5 2011 11:00:01 AM,60.9,46.5,75,2.67,7.67
Apr 5 2011 11:30:01 AM,58.6,45.5,75,4.33,7.72
Apr 5 2011 12:00:01 PM,61.1,45.5,75,2.44,7.89
Apr 5 2011 12:30:01 PM,65.7,37.3,50,3.44,7.72
Apr 5 2011 01:00:01 PM,57.9,41.4,75,0,6.78
Apr 5 2011 01:30:01 PM,58.7,46.5,75,2.67,6.44
Apr 5 2011 02:00:01 PM,58.9,46.8,75,2.22,6.33
Apr 5 2011 02:30:01 PM,58.9,46.3,75,2.83,6.33
Apr 5 2011 03:00:01 PM,58.3,46.4,75,2.89,6.17
Apr 5 2011 03:30:01 PM,58.6,46.5,75,2.83,6.06
Apr 5 2011 04:00:01 PM,58.5,48.5,75,3.94,6.17
Apr 5 2011 04:30:01 PM,61.3,39.4,50,5.33,7.5
Apr 5 2011 05:00:01 PM,58.7,51,75,4.22,7.22
Apr 5 2011 05:30:01 PM,45.4,31.7,50,12.56,8.33
Apr 5 2011 06:00:01 PM,22.4,0,0,41.44,16.17
Apr 5 2011 06:30:01 PM,28.5,0,0,33.33,12.67
Apr 5 2011 07:00:01 PM,34.1,0,0,28.83,13.33
Apr 5 2011 07:30:01 PM,38.7,0,0,25.17,12.17
Apr 5 2011 08:00:01 PM,43.8,0,0,22.94,15.67
Apr 5 2011 08:30:01 PM,49.3,0,0,19.94,23
Apr 5 2011 09:00:01 PM,54.1,0,0,18.67,24.94
Apr 5 2011 09:30:01 PM,58.5,0,0,16.78,25.61
Apr 5 2011 10:00:01 PM,62.5,0,0,15.44,25.94
Apr 5 2011 10:30:01 PM,66.7,0,0,13.72,26.11
Apr 5 2011 11:00:01 PM,70.9,0,0,12,26.33
Apr 5 2011 11:30:01 PM,74.5,0,0,11.28,26.33
Apr 6 2011 12:00:01 AM,79,0,0,9.72,26.22
Apr 6 2011 12:30:01 AM,83.1,0,0,8.28,26.11
Apr 6 2011 01:00:01 AM,87,0,0,7.39,26.22
Apr 6 2011 01:30:01 AM,91.1,0,0,6.06,26.22
Apr 6 2011 02:00:01 AM,95.3,0,0,4.72,26.22
Apr 6 2011 02:30:01 AM,99.8,0,0,3.67,26.33
Apr 6 2011 03:00:01 AM,104.8,0,0,2.06,26.33
Apr 6 2011 03:30:01 AM,111.6,0,0,0,26.39
Apr 6 2011 04:00:01 AM,123.8,0,0,0,26.39
Apr 6 2011 04:30:01 AM,138.4,0,0,0,26.5
Apr 6 2011 05:00:01 AM,75.4,41.4,50,7.94,15.67
Apr 6 2011 05:30:01 AM,58.2,34.3,50,5.22,7.28
Apr 6 2011 06:00:01 AM,62.5,36.6,50,3.44,7.28
Apr 6 2011 06:30:01 AM,59.9,47.9,75,1.67,7.72
Apr 6 2011 07:00:01 AM,59.6,48.6,75,1.61,7.5
Apr 6 2011 07:30:01 AM,59.6,47.5,75,2.44,7.89
Apr 6 2011 08:00:01 AM,60.3,48,75,1.89,7.89
Apr 6 2011 08:30:01 AM,60.3,47,75,1.72,7.72
Apr 6 2011 09:00:01 AM,60.2,48.6,75,2.89,7.67
Apr 6 2011 09:30:01 AM,60.3,46.6,75,3.17,7.67
Apr 6 2011 10:00:01 AM,61.5,46.1,75,0.94,7.83
Apr 6 2011 10:30:01 AM,61.5,46,75,1.22,7.89
Apr 6 2011 11:00:01 AM,60,45.8,75,2.28,7.06
Apr 6 2011 11:30:01 AM,57.1,43.1,75,8.11,7.67
Apr 6 2011 12:00:01 PM,59.3,43.1,75,1.33,6.83
Apr 6 2011 12:30:01 PM,60.5,46.3,75,3.22,7.22
Apr 6 2011 01:00:01 PM,58.7,45.8,75,4.67,6.83
Apr 6 2011 01:30:01 PM,59.6,46.6,75,3.89,6.83
Apr 6 2011 02:00:01 PM,66.3,38,50,3.83,7.89
Apr 6 2011 02:30:01 PM,60.5,47.1,75,3.56,7.11
Apr 6 2011 03:00:01 PM,60.6,46.1,75,2.33,7.06
Apr 6 2011 03:30:01 PM,60,47.5,75,4.56,6.94
Apr 6 2011 04:00:01 PM,59.6,47,75,0.94,6.61
Apr 6 2011 04:30:01 PM,61.1,49.5,75,4.78,7.67
Apr 6 2011 05:00:01 PM,63.1,40.9,50,3.22,7.22
Apr 6 2011 05:30:01 PM,65.6,42.6,50,2.94,8.28
Apr 6 2011 06:00:01 PM,64.2,53.3,75,0.28,9.11
Apr 6 2011 06:30:01 PM,63.2,54.3,75,4.22,9.11
Apr 6 2011 07:00:01 PM,63.2,56.2,75,3.72,8.89
Apr 6 2011 07:30:01 PM,17.4,0,0,44.28,19.78
Apr 6 2011 08:00:01 PM,24.1,0,0,36.06,24.33
Apr 6 2011 08:30:01 PM,29.5,0,0,30.22,25.39
Apr 6 2011 09:00:01 PM,34.5,0,0,27.28,25.78
Apr 6 2011 09:30:01 PM,39.2,0,0,24.17,26.06
Apr 6 2011 10:00:01 PM,43.5,0,0,22.78,26.22
Apr 6 2011 10:30:01 PM,47.7,0,0,20.22,26.33
Apr 6 2011 11:00:01 PM,51.8,0,0,18.78,26.39
Apr 6 2011 11:30:01 PM,55.7,0,0,16.94,26.33
Apr 7 2011 12:00:01 AM,59.8,0,0,15.17,26.22
Apr 7 2011 12:30:01 AM,63.7,0,0,14.22,26.22
Apr 7 2011 01:00:01 AM,67.6,0,0,12.72,26.22
Apr 7 2011 01:30:01 AM,71.3,0,0,11.11,26.33
Apr 7 2011 02:00:01 AM,75.1,0,0,9.89,26.33
Apr 7 2011 02:30:01 AM,78.9,0,0,8,26.33
Apr 7 2011 03:00:01 AM,82.5,0,0,6.28,26.33
Apr 7 2011 03:30:01 AM,86.4,0,0,5,26.39
Apr 7 2011 04:00:01 AM,90.6,0,0,3.17,26.39
Apr 7 2011 04:30:01 AM,95.1,0,0,1.61,26.5
Apr 7 2011 05:00:01 AM,78.2,55.4,75,0.83,14.28
Apr 7 2011 05:30:01 AM,58.2,47.5,75,3.61,6.5
Apr 7 2011 06:00:01 AM,60.3,48.7,75,2.5,7.83
Apr 7 2011 06:30:01 AM,60.8,36.4,50,4.94,7.5
Apr 7 2011 07:00:01 AM,61.6,35.9,50,3.61,7.11
Apr 7 2011 07:30:01 AM,62.5,37.6,50,3.06,7.22
Apr 7 2011 08:00:01 AM,62.9,38.4,50,2.72,7.11
Apr 7 2011 08:30:01 AM,65.3,38.5,50,2.61,8.28
Apr 7 2011 09:00:01 AM,59.2,39.4,75,4.5,8.94
Apr 7 2011 09:30:01 AM,64.7,37.3,50,3.39,8.72
Apr 7 2011 10:00:01 AM,65,36.5,50,3.33,8.17
Apr 7 2011 10:30:01 AM,64.8,37.8,50,3.5,8.11
Apr 7 2011 11:00:01 AM,65.8,35.5,50,3,8.33
Apr 7 2011 11:30:01 AM,66,35.1,50,3.44,8.44
Apr 7 2011 12:00:01 PM,59.3,44.5,75,3.61,7.22
Apr 7 2011 12:30:01 PM,64.5,36,50,3.83,7.5
Apr 7 2011 01:00:01 PM,57.7,42.3,75,5.44,7.72
Apr 7 2011 01:30:01 PM,60.8,46,75,1.17,7.5
Apr 7 2011 02:00:01 PM,60.6,47.4,75,2.72,7.22
Apr 7 2011 02:30:01 PM,61.5,46.4,75,0.28,7.56
Apr 7 2011 03:00:01 PM,61.9,49.8,75,3.67,7.56
Apr 7 2011 03:30:01 PM,56.1,51.4,75,9.28,6.83
Apr 7 2011 04:00:01 PM,56.7,52.8,75,5.89,6.78
Apr 7 2011 04:30:01 PM,60,55.3,75,0.39,7.39
Apr 7 2011 05:00:01 PM,60.5,56.6,75,0.56,7.39
Apr 7 2011 05:30:01 PM,63.5,47.3,50,4.72,8.33
Apr 7 2011 06:00:01 PM,28.2,0,0,36,13.78
Apr 7 2011 06:30:01 PM,33.8,0,0,30.06,13.06
Apr 7 2011 07:00:01 PM,38.6,0,0,26,12.72
Apr 7 2011 07:30:01 PM,44.2,0,0,23.33,19.94
Apr 7 2011 08:00:01 PM,49.3,0,0,20.39,24.39
Apr 7 2011 08:30:01 PM,53.8,0,0,19,25.5
Apr 7 2011 09:00:01 PM,58,0,0,17,25.94
Apr 7 2011 09:30:01 PM,62.4,0,0,15.94,26.11
Apr 7 2011 10:00:01 PM,66.6,0,0,14,26.33
Apr 7 2011 10:30:01 PM,70.8,0,0,12.28,26.39
Apr 7 2011 11:00:01 PM,74.8,0,0,11.17,26.61
Apr 7 2011 11:30:01 PM,79,0,0,9.83,26.67
Apr 8 2011 12:00:01 AM,83.1,0,0,8.06,26.61
Apr 8 2011 12:30:01 AM,87.3,0,0,6.83,26.39
Apr 8 2011 01:00:01 AM,91.9,0,0,5.33,26.39
Apr 8 2011 01:30:01 AM,97.6,0,0,3.5,26.5
Apr 8 2011 02:00:01 AM,105.1,0,0,1.06,26.5
Apr 8 2011 02:30:01 AM,118.7,0,0,0,26.61
Apr 8 2011 03:00:01 AM,138.4,0,0,0,26.61
Apr 8 2011 03:30:01 AM,138.4,0,0,0,26.67
Apr 8 2011 04:00:01 AM,138.4,0,0,0,26.61
Apr 8 2011 04:30:01 AM,138.4,0,0,0,26.67
Apr 8 2011 05:00:01 AM,138.4,0,0,0,26.67
Apr 8 2011 05:30:01 AM,138.4,0,0,0,26.78
Apr 8 2011 06:00:01 AM,138.4,0,0,0,26.78
Apr 8 2011 06:30:01 AM,138.4,0,0,0,26.78
Apr 8 2011 07:00:01 AM,72.8,53.8,75,5.61,12.89
Apr 8 2011 07:30:01 AM,57.7,49.6,75,2.5,6.67
Apr 8 2011 08:00:01 AM,60.5,37.3,50,4.44,7.39
Apr 8 2011 08:30:01 AM,61.8,38.1,50,4.17,7.39
Apr 8 2011 09:00:01 AM,61.9,38.4,50,4.56,8.11
Apr 8 2011 09:30:01 AM,63.5,38.6,50,3.78,8
Apr 8 2011 10:00:01 AM,61.1,37.3,50,5.72,8.61
Apr 8 2011 10:30:01 AM,63.8,38.1,50,3.61,8.11
Apr 8 2011 11:00:01 AM,64.2,35.8,50,3.11,7.89
Apr 8 2011 11:30:01 AM,64.1,37.1,50,3.61,8.28
Apr 8 2011 12:00:01 PM,59.2,47,75,3.39,7.06
Apr 8 2011 12:30:01 PM,63.8,35.4,50,3.72,7.56
Apr 8 2011 01:00:01 PM,63.8,36.4,50,2.94,7.72
Apr 8 2011 01:30:01 PM,60.2,46.9,75,3.17,7.28
Apr 8 2011 02:00:01 PM,62.5,35.6,50,4.94,7.89
Apr 8 2011 02:30:01 PM,24.5,0,0,41.06,18.11
Apr 8 2011 03:00:01 PM,31.4,0,0,34.22,18.39
Apr 8 2011 03:30:01 PM,36.4,0,0,28.56,13
Apr 8 2011 04:00:01 PM,42.2,0,0,24.67,22.56
Apr 8 2011 04:30:01 PM,46.9,0,0,21.78,25.22
Apr 8 2011 05:00:01 PM,51.4,0,0,20.06,26.06
Apr 8 2011 05:30:01 PM,55.4,0,0,18.06,26.33
Apr 8 2011 06:00:01 PM,59.6,0,0,16.17,26.61
Apr 8 2011 06:30:01 PM,63.5,0,0,14.72,26.67
Apr 8 2011 07:00:01 PM,67.4,0,0,13.11,26.78
Apr 8 2011 07:30:01 PM,71.5,0,0,11.22,26.78
Apr 8 2011 08:00:01 PM,75.4,0,0,10,26.67
Apr 8 2011 08:30:01 PM,79.6,0,0,8.44,26.78
Apr 8 2011 09:00:01 PM,83.8,0,0,6.72,26.78
Apr 8 2011 09:30:01 PM,88,0,0,4.61,26.78
Apr 8 2011 10:00:01 PM,92.8,0,0,2.56,26.89
Apr 8 2011 10:30:01 PM,98,0,0,0.56,26.89
Apr 8 2011 11:00:01 PM,106.6,0,0,0,26.89
Apr 8 2011 11:30:01 PM,137.9,0,0,0,26.89
Apr 9 2011 12:00:01 AM,138.4,0,0,0,26.94
Apr 9 2011 12:30:01 AM,138.4,0,0,0,26.94
Apr 9 2011 01:00:01 AM,138.3,0,0,0,27.06
Apr 9 2011 01:30:01 AM,138.4,0,0,0,27.06
Apr 9 2011 02:00:01 AM,138.4,0,0,0,27.06
Apr 9 2011 02:30:01 AM,138.4,0,0,0,27.11
Apr 9 2011 03:00:01 AM,138.4,0,0,0,27.11
Apr 9 2011 03:30:01 AM,138.4,0,0,0,27.11
Apr 9 2011 04:00:01 AM,138.4,0,0,0,27.11
Apr 9 2011 04:30:01 AM,138.4,0,0,0,27.22
Apr 9 2011 05:00:01 AM,138.4,0,0,0,27.22
Apr 9 2011 05:30:01 AM,71.8,53.6,75,6.67,12.72
Apr 9 2011 06:00:01 AM,64,39,50,4.33,8.89
Apr 9 2011 06:30:01 AM,61.9,52.1,75,2.89,8.72
Apr 9 2011 07:00:01 AM,59.9,51.4,75,2.72,7.56
Apr 9 2011 07:30:01 AM,58.9,49.1,75,2.56,7.06
Apr 9 2011 08:00:01 AM,59.2,50.3,75,2.39,7.39
Apr 9 2011 08:30:01 AM,60.3,49.7,75,1.89,7.83
Apr 9 2011 09:00:01 AM,54.4,45,75,8,7.28
Apr 9 2011 09:30:01 AM,60,49.5,75,1.72,7.5
Apr 9 2011 10:00:01 AM,61.1,37.2,50,5.5,8.33
Apr 9 2011 10:30:01 AM,63.4,35.9,50,2.06,7.28
Apr 9 2011 11:00:01 AM,64.8,37.2,50,3.33,8.33
Apr 9 2011 11:30:01 AM,65.7,37.2,50,3.39,8.5
Apr 9 2011 12:00:01 PM,66.1,37.9,50,3.44,8.28
Apr 9 2011 12:30:01 PM,63.7,35.6,50,3.89,7.56
Apr 9 2011 01:00:01 PM,65.4,37.7,50,3.72,8
Apr 9 2011 01:30:01 PM,59.5,46.6,75,5.33,7.22
Apr 9 2011 02:00:01 PM,60.3,47.5,75,4.61,7.22
Apr 9 2011 02:30:01 PM,0,0,0,0,0
Apr 9 2011 03:00:01 PM,0,0,0,0,0
Apr 9 2011 03:30:01 PM,0,0,0,0,0
Apr 9 2011 04:00:01 PM,0,0,0,0,0
Apr 9 2011 04:30:01 PM,0,0,0,0,0
Apr 9 2011 05:00:01 PM,0,0,0,0,0
Apr 9 2011 05:30:01 PM,0,0,0,0,0
Apr 9 2011 06:00:01 PM,0,0,0,0,0
Apr 9 2011 06:30:01 PM,0,0,0,0,0
Apr 9 2011 07:00:01 PM,0,0,0,0,0
Apr 9 2011 07:30:01 PM,0,0,0,0,0
Apr 9 2011 08:00:01 PM,0,0,0,0,0
Apr 9 2011 08:30:01 PM,0,0,0,0,0
Apr 9 2011 09:00:01 PM,0,0,0,0,0
Apr 9 2011 09:30:01 PM,0,0,0,0,0
Apr 9 2011 10:00:01 PM,0,0,0,0,0
Apr 9 2011 10:30:01 PM,0,0,0,0,0
Apr 9 2011 11:00:01 PM,0,0,0,0,0
Apr 9 2011 11:30:01 PM,0,0,0,0,0
Apr 10 2011 12:00:01 AM,0,0,0,0,0
Apr 10 2011 12:30:01 AM,0,0,0,0,0
Apr 10 2011 01:00:01 AM,0,0,0,0,0
Apr 10 2011 01:30:01 AM,0,0,0,0,0
Apr 10 2011 02:00:01 AM,0,0,0,0,0
Apr 10 2011 02:30:01 AM,0,0,0,0,0
Apr 10 2011 03:00:01 AM,0,0,0,0,0
Apr 10 2011 03:30:01 AM,0,0,0,0,0
Apr 10 2011 04:00:01 AM,0,0,0,0,0
Apr 10 2011 04:30:01 AM,0,0,0,0,0
Apr 10 2011 05:00:01 AM,53.7,55.4,100,0.06,6.06
Apr 10 2011 05:30:01 AM,54,55.7,100,0,6.22
Apr 10 2011 06:00:01 AM,58.5,48.5,75,2.89,6.83
Apr 10 2011 06:30:01 AM,45.8,0,25,25.56,12.83
Apr 10 2011 07:00:01 AM,57.3,48,75,3.44,6.5
Apr 10 2011 07:30:01 AM,58.6,49.1,75,3.17,7.06
Apr 10 2011 08:00:01 AM,64.2,39,50,2.61,8.11
Apr 10 2011 08:30:01 AM,59.3,48.1,75,1.06,7.11
Apr 10 2011 09:00:01 AM,59.3,48.9,75,3.94,8.11
Apr 10 2011 09:30:01 AM,60,48.1,75,1.5,7.56
Apr 10 2011 10:00:01 AM,61.6,49.4,75,2.67,8
Apr 10 2011 10:30:01 AM,65.6,38.1,50,3.06,8.17
Apr 10 2011 11:00:01 AM,60.3,45.9,75,1.44,7.22
Apr 10 2011 11:30:01 AM,57.6,47.8,75,5,8
Apr 10 2011 12:00:01 PM,59.3,46.5,75,4.11,7.06
Apr 10 2011 12:30:01 PM,60.6,47.9,75,5.17,7.5
Apr 10 2011 01:00:01 PM,59.8,49.9,75,3.89,6.94
Apr 10 2011 01:30:01 PM,61.5,49.9,75,4.39,7.89
Apr 10 2011 02:00:01 PM,60.5,50.8,75,3.39,7.22
Apr 10 2011 02:30:01 PM,60,50.7,75,2.06,6.94
Apr 10 2011 03:00:01 PM,65.8,43,50,2.83,8.11
Apr 10 2011 03:30:01 PM,57.4,52.5,75,5,7.11
Apr 10 2011 04:00:01 PM,57.7,53.2,75,4.89,6.67
Apr 10 2011 04:30:01 PM,60.2,54.9,75,3.22,7.5
Apr 10 2011 05:00:01 PM,65.6,46.2,50,3.28,8.28
Apr 10 2011 05:30:01 PM,28.9,0,0,30.78,11.56
Apr 10 2011 06:00:01 PM,36.4,0,0,30.11,14
Apr 10 2011 06:30:01 PM,41.9,0,0,24.72,13.94
Apr 10 2011 07:00:01 PM,46.9,0,0,21,13.17
Apr 10 2011 07:30:01 PM,52.4,0,0,18.33,17.44
Apr 10 2011 08:00:01 PM,56.3,0,0,15.61,15.06
Apr 10 2011 08:30:01 PM,61.5,0,0,13.94,20.61
Apr 10 2011 09:00:01 PM,66.6,0,0,11.44,24.5
Apr 10 2011 09:30:01 PM,70.3,0,0,3.67,25.5
Apr 10 2011 10:00:01 PM,75.3,0,0,3,26.06
Apr 10 2011 10:30:01 PM,81.2,0,0,0.78,26.33
Apr 10 2011 11:00:01 PM,89.3,0,0,0,26.61
Apr 10 2011 11:30:01 PM,102.9,0,0,0,26.78
Apr 11 2011 12:00:01 AM,118,0,0,0,26.61
Apr 11 2011 12:30:01 AM,116.4,0,0,0,26.5
Apr 11 2011 01:00:01 AM,117.7,0,0,0,26.5
Apr 11 2011 01:30:01 AM,117.6,0,0,0,26.5
Apr 11 2011 02:00:01 AM,118.2,0,0,0,26.5
Apr 11 2011 02:30:01 AM,119,0,0,0,26.61
Apr 11 2011 03:00:01 AM,121.2,0,0,0,26.61
Apr 11 2011 03:30:01 AM,122.9,0,0,0,26.67
Apr 11 2011 04:00:01 AM,124.4,0,0,0,26.67
Apr 11 2011 04:30:01 AM,127,0,0,0,26.78
Apr 11 2011 05:00:01 AM,66.9,55.4,75,10.61,13.78
Apr 11 2011 05:30:01 AM,53.7,56.9,100,1.72,6.17
Apr 11 2011 06:00:01 AM,58.2,49.5,75,0.78,6.78
Apr 11 2011 06:30:01 AM,59.5,51.6,75,2.17,7.72
Apr 11 2011 07:00:01 AM,54.2,35.2,50,8.61,9.06
Apr 11 2011 07:30:01 AM,63.5,39.8,50,3.17,8.78
Apr 11 2011 08:00:01 AM,57.9,49.3,75,6.83,8.44
Apr 11 2011 08:30:01 AM,63.8,40.2,50,2.89,7.89
Apr 11 2011 09:00:01 AM,60.6,37.9,50,5.44,9.11
Apr 11 2011 09:30:01 AM,62.7,39.2,50,4,8.33
Apr 11 2011 10:00:01 AM,60.3,50.3,75,1.67,8.5
Apr 11 2011 10:30:01 AM,64.2,40.1,50,3.17,8.28
Apr 11 2011 11:00:01 AM,64.4,37.4,50,2.72,8.11
Apr 11 2011 11:30:01 AM,63.5,39.9,50,3.72,8
Apr 11 2011 12:00:01 PM,61.3,50,75,0.5,8.17
Apr 11 2011 12:30:01 PM,65.7,38.9,50,1.56,8.28
Apr 11 2011 01:00:01 PM,62.8,38.6,50,3.22,8
Apr 11 2011 01:30:01 PM,64.4,42,50,3.06,9.11
Apr 11 2011 02:00:01 PM,64.2,41.3,50,2.11,7.83
Apr 11 2011 02:30:01 PM,60.6,53.5,75,1.94,8.17
Apr 11 2011 03:00:01 PM,59.9,53,75,1.44,7.67
Apr 11 2011 03:30:01 PM,61.8,40.8,50,3.56,7.83
Apr 11 2011 04:00:01 PM,59.9,53.1,75,3.5,8.44
Apr 11 2011 04:30:01 PM,65.7,40.9,50,1.56,8.89
Apr 11 2011 05:00:01 PM,65,40.5,50,3,8.5
Apr 11 2011 05:30:01 PM,63.5,43.2,50,3.78,9.22
Apr 11 2011 06:00:01 PM,61.8,54.1,75,1.78,8.5
Apr 11 2011 06:30:01 PM,61.8,53,75,4.22,8.11
Apr 11 2011 07:00:01 PM,61.6,53.9,75,2.33,8.78
Apr 11 2011 07:30:01 PM,42.5,0,0,27.28,18.78
Apr 11 2011 08:00:01 PM,49.3,0,0,19.94,23.33
Apr 11 2011 08:30:01 PM,55.4,0,0,15.67,25.06
Apr 11 2011 09:00:01 PM,61.2,0,0,12.94,25.67
Apr 11 2011 09:30:01 PM,65.3,0,0,11.11,15.89
Apr 11 2011 10:00:01 PM,71.8,0,0,8.72,19.94
Apr 11 2011 10:30:01 PM,78.4,0,0,6.83,24.61
Apr 11 2011 11:00:01 PM,84.5,0,0,4.94,25.67
Apr 11 2011 11:30:01 PM,90.2,0,0,3.39,26.11
Apr 12 2011 12:00:01 AM,96.7,0,0,1.89,26.22
Apr 12 2011 12:30:01 AM,104.4,0,0,0,26.11
Apr 12 2011 01:00:01 AM,118.3,0,0,0,26.11
Apr 12 2011 01:30:01 AM,138.4,0,0,0,26.33
Apr 12 2011 02:00:01 AM,138.4,0,0,0,26.33
Apr 12 2011 02:30:01 AM,138.4,0,0,0,26.33
Apr 12 2011 03:00:01 AM,138.4,0,0,0,26.39
Apr 12 2011 03:30:01 AM,138.4,0,0,0,26.5
Apr 12 2011 04:00:01 AM,138.4,0,0,0,26.5
Apr 12 2011 04:30:01 AM,138.3,0,0,0,26.5
Apr 12 2011 05:00:01 AM,74.7,57.6,75,11.11,15.39
Apr 12 2011 05:30:01 AM,50.5,44.9,75,7.44,6.83
Apr 12 2011 06:00:01 AM,58,49.9,75,2.72,6.94
Apr 12 2011 06:30:01 AM,58.6,51.6,75,2.61,7.67
Apr 12 2011 07:00:01 AM,59.6,51.8,75,1.89,7.5
Apr 12 2011 07:30:01 AM,63.8,40,50,3.39,8.17
Apr 12 2011 08:00:01 AM,61.9,39.4,50,3.61,7.28
Apr 12 2011 08:30:01 AM,60.3,50.2,75,2.89,7.83
Apr 12 2011 09:00:01 AM,61.2,49.3,75,2.78,8.28
Apr 12 2011 09:30:01 AM,59.8,47.1,75,1.39,7.67
Apr 12 2011 10:00:01 AM,59.8,48.9,75,2.06,7.5
Apr 12 2011 10:30:01 AM,59,46.7,75,2.33,7.67
Apr 12 2011 11:00:01 AM,59.5,47.1,75,2.06,7.5
Apr 12 2011 11:30:01 AM,59,48.2,75,3.56,7.28
Apr 12 2011 12:00:01 PM,59.9,46.6,75,0.11,7.39
Apr 12 2011 12:30:01 PM,59.2,48.5,75,2.72,7.11
Apr 12 2011 01:00:01 PM,59,47.9,75,3.28,7.11
Apr 12 2011 01:30:01 PM,58,47.5,75,4.39,7.11
Apr 12 2011 02:00:01 PM,59.2,47.1,75,3.22,7.11
Apr 12 2011 02:30:01 PM,56.9,46.9,75,4,7.28
Apr 12 2011 03:00:01 PM,60.3,48.6,75,0.39,7.39
Apr 12 2011 03:30:01 PM,59,48.6,75,3.11,7.06
Apr 12 2011 04:00:01 PM,55,46.3,75,6.22,6.78
Apr 12 2011 04:30:01 PM,57.9,49.2,75,3.56,6.44
Apr 12 2011 05:00:01 PM,53.5,35.7,50,9.22,7.39
Apr 12 2011 05:30:01 PM,57.3,49.3,75,3.17,6.61
Apr 12 2011 06:00:01 PM,58.7,51.3,75,3.44,6.67
Apr 12 2011 06:30:01 PM,58.7,53.6,75,1.89,6.94
Apr 12 2011 07:00:01 PM,58.3,51.7,75,2.56,6.78
Apr 12 2011 07:30:01 PM,62.2,40.8,50,3.39,7.11
Apr 12 2011 08:00:01 PM,61.9,40.2,50,3.28,6.83
Apr 12 2011 08:30:01 PM,19.8,0,0,32.78,10.17
Apr 12 2011 09:00:01 PM,30.3,0,0,32.78,21.17
Apr 12 2011 09:30:01 PM,37,0,0,27.11,24.33
Apr 12 2011 10:00:01 PM,43.2,0,0,23.67,25.33
Apr 12 2011 10:30:01 PM,48.9,0,0,20.33,25.78
Apr 12 2011 11:00:01 PM,54,0,0,18.5,25.78
Apr 12 2011 11:30:01 PM,58.9,0,0,16.06,25.83
Apr 13 2011 12:00:01 AM,63.5,0,0,14.61,25.83
Apr 13 2011 12:30:01 AM,68.4,0,0,12.89,25.94
Apr 13 2011 01:00:01 AM,72.9,0,0,10.89,26.06
Apr 13 2011 01:30:01 AM,76.7,0,0,4.28,26.06
Apr 13 2011 02:00:01 AM,80.8,0,0,2.89,26.06
Apr 13 2011 02:30:01 AM,85,0,0,1.67,26.11
Apr 13 2011 03:00:01 AM,89.6,0,0,0,26.11
Apr 13 2011 03:30:01 AM,95,0,0,0,26.22
Apr 13 2011 04:00:01 AM,102.2,0,0,0,26.22
Apr 13 2011 04:30:01 AM,74,59.7,75,5.94,14.94
Apr 13 2011 05:00:01 AM,50.6,52.1,100,4.56,6
Apr 13 2011 05:30:01 AM,57.6,48.6,75,2.28,6.33
Apr 13 2011 06:00:01 AM,56.9,49.4,75,2.44,6.22
Apr 13 2011 06:30:01 AM,57.1,47.9,75,2.11,6.22
Apr 13 2011 07:00:01 AM,57.4,49.2,75,2.67,6.5
Apr 13 2011 07:30:01 AM,57.3,48.2,75,2.5,6.33
Apr 13 2011 08:00:01 AM,58.2,50.3,75,1.39,6.61
Apr 13 2011 08:30:01 AM,57.7,49.7,75,1,6.44
Apr 13 2011 09:00:01 AM,58.3,50.4,75,2.83,6.78
Apr 13 2011 09:30:01 AM,57,45.6,75,0,6.61
Apr 13 2011 10:00:01 AM,57.6,49.8,75,2.56,6.83
Apr 13 2011 10:30:01 AM,56.7,48.2,75,4.94,6.78
Apr 13 2011 11:00:01 AM,58.9,48.6,75,2.83,6.83
Apr 13 2011 11:30:01 AM,56.4,48.6,75,5,6.67
Apr 13 2011 12:00:01 PM,58.3,49,75,1.39,6.44
Apr 13 2011 12:30:01 PM,58.3,48.1,75,2.11,6.67
Apr 13 2011 01:00:01 PM,59.2,48.8,75,3.11,7.28
Apr 13 2011 01:30:01 PM,59.8,48.8,75,2.56,7.11
Apr 13 2011 02:00:01 PM,59.8,49.1,75,1.39,6.94
Apr 13 2011 02:30:01 PM,59.8,36.6,50,6.83,8.11
Apr 13 2011 03:00:01 PM,72.7,18.5,25,5.83,13.17
Apr 13 2011 03:30:01 PM,59,45.3,75,2,6.61
Apr 13 2011 04:00:01 PM,59.6,47.2,75,2.61,7.28
Apr 13 2011 04:30:01 PM,58,46.2,75,4.06,6.94
Apr 13 2011 05:00:01 PM,60.2,48.5,75,3,7.72
Apr 13 2011 05:30:01 PM,60.5,48.6,75,2.72,7.67
Apr 13 2011 06:00:01 PM,59.5,47.3,75,3.06,7.5
Apr 13 2011 06:30:01 PM,58.3,48.3,75,3.33,7.28
Apr 13 2011 07:00:01 PM,59.3,48.8,75,0,6.94
Apr 13 2011 07:30:01 PM,64.2,41.9,50,2.83,8.11
Apr 13 2011 08:00:01 PM,61.6,38.7,50,3.94,7.5
Apr 13 2011 08:30:01 PM,41.1,0,0,14.33,10.94
Apr 13 2011 09:00:01 PM,51.6,0,0,20.61,20.94
Apr 13 2011 09:30:01 PM,58.9,0,0,14.89,24.17
Apr 13 2011 10:00:01 PM,67,0,0,11.33,25.11
Apr 13 2011 10:30:01 PM,73.2,0,0,9.17,25.61
Apr 13 2011 11:00:01 PM,79.3,0,0,5.94,25.78
Apr 13 2011 11:30:01 PM,85.8,0,0,4.39,25.67
Apr 14 2011 12:00:01 AM,92.7,0,0,1.94,25.78
Apr 14 2011 12:30:01 AM,98.7,0,0,0.83,25.78
Apr 14 2011 01:00:01 AM,105.7,0,0,0,25.83
Apr 14 2011 01:30:01 AM,115.3,0,0,0,25.83
Apr 14 2011 02:00:01 AM,138.4,0,0,0,25.94
Apr 14 2011 02:30:01 AM,138.4,0,0,0,26.06
Apr 14 2011 03:00:01 AM,138.4,0,0,0,26.11
Apr 14 2011 03:30:01 AM,138.4,0,0,0,26.11
Apr 14 2011 04:00:01 AM,138.4,0,0,0,26.22
Apr 14 2011 04:30:01 AM,70.9,38.9,50,8,16
Apr 14 2011 05:00:01 AM,53.2,52,100,7.11,6.06
Apr 14 2011 05:30:01 AM,58.3,46.7,75,2.78,6.44
Apr 14 2011 06:00:01 AM,60,46,75,1.94,7.5
Apr 14 2011 06:30:01 AM,59.5,46.8,75,2.39,7.28
Apr 14 2011 07:00:01 AM,59.5,48.1,75,3.17,7.28
Apr 14 2011 07:30:01 AM,59.2,47.3,75,2.44,7.22
Apr 14 2011 08:00:01 AM,59.8,48.3,75,2.5,7.56
Apr 14 2011 08:30:01 AM,60.8,48.5,75,1.72,7.83
Apr 14 2011 09:00:01 AM,58.5,47.4,75,2.33,6.83
Apr 14 2011 09:30:01 AM,62.9,39.6,50,3.33,7.72
Apr 14 2011 10:00:01 AM,58.7,50.6,75,5.11,6.94
Apr 14 2011 10:30:01 AM,60.5,49.5,75,1.89,7.89
Apr 14 2011 11:00:01 AM,58.7,48.4,75,1.67,6.78
Apr 14 2011 11:30:01 AM,64,39.2,50,3.06,7.89
Apr 14 2011 12:00:01 PM,64.2,38.3,50,2.56,7.83
Apr 14 2011 12:30:01 PM,59.6,48.6,75,2.78,6.94
Apr 14 2011 01:00:01 PM,61.1,49.2,75,1,7.83
Apr 14 2011 01:30:01 PM,58.2,50.4,75,2.67,7.06
Apr 14 2011 02:00:01 PM,58.3,50,75,2.83,7.28
Apr 14 2011 02:30:01 PM,59.8,52.8,75,2.22,7.5
Apr 14 2011 03:00:01 PM,59.5,50.8,75,1.72,7.5
Apr 14 2011 03:30:01 PM,59.3,51.5,75,3.78,7.22
Apr 14 2011 04:00:01 PM,57.9,48.1,75,0,6.94
Apr 14 2011 04:30:01 PM,63.1,40.8,50,2.44,7.39
Apr 14 2011 05:00:01 PM,63.5,40.3,50,3.06,8.17
Apr 14 2011 05:30:01 PM,64.1,42.4,50,4.11,8.11
Apr 14 2011 06:00:01 PM,65,42.2,50,2.61,8.17
Apr 14 2011 06:30:01 PM,61.6,41.7,50,4.11,7.5
Apr 14 2011 07:00:01 PM,62.5,43.1,50,3.72,7.72
Apr 14 2011 07:30:01 PM,63.5,41.6,50,2.33,7.72
Apr 14 2011 08:00:01 PM,62.8,42.4,50,3.5,7.67
Apr 14 2011 08:30:01 PM,43.2,24.1,25,12.5,8.72
Apr 14 2011 09:00:01 PM,28.3,0,0,33.11,20.78
Apr 14 2011 09:30:01 PM,36.7,0,0,26.06,23.94
Apr 14 2011 10:00:01 PM,43.7,0,0,21.72,24.94
Apr 14 2011 10:30:01 PM,50,0,0,18.22,25.39
Apr 14 2011 11:00:01 PM,56.1,0,0,15.83,25.61
Apr 14 2011 11:30:01 PM,61.9,0,0,13.83,25.5
Apr 15 2011 12:00:01 AM,67.9,0,0,11.56,25.5
Apr 15 2011 12:30:01 AM,73.5,0,0,9.83,25.61
Apr 15 2011 01:00:01 AM,78.9,0,0,8.11,25.67
Apr 15 2011 01:30:01 AM,84.4,0,0,6.5,25.67
Apr 15 2011 02:00:01 AM,89.8,0,0,3.78,25.78
Apr 15 2011 02:30:01 AM,95.6,0,0,2.06,25.78
Apr 15 2011 03:00:01 AM,102.7,0,0,0.5,25.83
Apr 15 2011 03:30:01 AM,112.8,0,0,0,25.83
Apr 15 2011 04:00:01 AM,138.4,0,0,0,25.94
Apr 15 2011 04:30:01 AM,138.4,0,0,0,25.94
Apr 15 2011 05:00:01 AM,138.4,0,0,0,26.06
Apr 15 2011 05:30:01 AM,138.4,0,0,0,26.06
Apr 15 2011 06:00:01 AM,138.4,0,0,0,26.06
Apr 15 2011 06:30:01 AM,58.5,18.4,25,6.78,19.94
Apr 15 2011 07:00:01 AM,56.9,47.3,75,1.06,5.72
Apr 15 2011 07:30:01 AM,57.3,47.9,75,3.17,6.06
Apr 15 2011 08:00:01 AM,60.5,37.3,50,4.39,6.94
Apr 15 2011 08:30:01 AM,61.2,37.2,50,4.33,7.22
Apr 15 2011 09:00:01 AM,62.2,37,50,3.39,7.11
Apr 15 2011 09:30:01 AM,64.2,37.4,50,2.61,8
Apr 15 2011 10:00:01 AM,63.1,36,50,2.28,7.5
Apr 15 2011 10:30:01 AM,64.4,37.3,50,2.39,7.83
Apr 15 2011 11:00:01 AM,64.5,36.9,50,2.89,7.89
Apr 15 2011 11:30:01 AM,63.1,37.1,50,4.39,7.89
Apr 15 2011 12:00:01 PM,63.5,37.6,50,4.39,7.89
Apr 15 2011 12:30:01 PM,63.2,38.6,50,3.22,7.72
Apr 15 2011 01:00:01 PM,62.4,36.4,50,4.22,7.83
Apr 15 2011 01:30:01 PM,62.9,36.3,50,3.83,7.83
Apr 15 2011 02:00:01 PM,63.2,37.6,50,4,7.89
Apr 15 2011 02:30:01 PM,62.2,38.1,50,3.94,7.89
Apr 15 2011 03:00:01 PM,63.2,39.5,50,3.28,7.89
Apr 15 2011 03:30:01 PM,62.2,38.6,50,3.33,7.83
Apr 15 2011 04:00:01 PM,61.5,37.7,50,3.72,7.67
Apr 15 2011 04:30:01 PM,61.9,39.8,50,4.06,7.89
Apr 15 2011 05:00:01 PM,63.7,40.4,50,3.5,9.33
Apr 15 2011 05:30:01 PM,62.1,38.2,50,3.33,8.17
Apr 15 2011 06:00:01 PM,57.7,37.1,50,6.83,8.5
Apr 15 2011 06:30:01 PM,60.5,37.8,50,3.72,8.5
Apr 15 2011 07:00:01 PM,62.1,38.6,50,2.5,8
Apr 15 2011 07:30:01 PM,58.6,38.9,50,4.72,7.83
Apr 15 2011 08:00:01 PM,62.7,39.5,50,3.17,8.72
Apr 15 2011 08:30:01 PM,24.1,0,0,29.11,10.94
Apr 15 2011 09:00:01 PM,62.1,0,0,16.39,20.11
Apr 15 2011 09:30:01 PM,84.1,0,0,5.17,23.17
Apr 15 2011 10:00:01 PM,113.2,0,0,0,24.17
Apr 15 2011 10:30:01 PM,132.9,0,0,0,24.5
Apr 15 2011 11:00:01 PM,133.5,0,0,0,24.67
Apr 15 2011 11:30:01 PM,134,0,0,0,24.78
Apr 16 2011 12:00:01 AM,134,0,0,0,24.89
Apr 16 2011 12:30:01 AM,133.7,0,0,0,24.94
Apr 16 2011 01:00:01 AM,134.1,0,0,0,25.11
Apr 16 2011 01:30:01 AM,134.4,0,0,0,25.11
Apr 16 2011 02:00:01 AM,134.7,0,0,0,25.22
Apr 16 2011 02:30:01 AM,134.7,0,0,0,25.33
Apr 16 2011 03:00:01 AM,135,0,0,0,25.33
Apr 16 2011 03:30:01 AM,134.8,0,0,0,25.39
Apr 16 2011 04:00:01 AM,134.8,0,0,0,25.5
Apr 16 2011 04:30:01 AM,134.7,0,0,0,25.5
Apr 16 2011 05:00:01 AM,134.7,0,0,0,25.5
Apr 16 2011 05:30:01 AM,136.1,0,0,0,25.78
Apr 16 2011 06:00:01 AM,135.7,0,0,0,25.94
Apr 16 2011 06:30:01 AM,69.9,60.4,75,8.5,15.67
Apr 16 2011 07:00:01 AM,52.5,58.7,100,3.11,6.06
Apr 16 2011 07:30:01 AM,56.4,49.9,75,1.28,6.33
Apr 16 2011 08:00:01 AM,58.2,51.1,75,1.06,7.39
Apr 16 2011 08:30:01 AM,57.6,51.9,75,2.28,6.67
Apr 16 2011 09:00:01 AM,57.3,51.5,75,1.39,6.61
Apr 16 2011 09:30:01 AM,58,52,75,3,6.78
Apr 16 2011 10:00:01 AM,58.6,51.2,75,1.72,7.28
Apr 16 2011 10:30:01 AM,57.9,49.7,75,2.72,7.28
Apr 16 2011 11:00:01 AM,58.6,50.7,75,1.83,7.28
Apr 16 2011 11:30:01 AM,57.1,50.6,75,3.06,6.44
Apr 16 2011 12:00:01 PM,61.8,38.7,50,2.61,7.11
Apr 16 2011 12:30:01 PM,62.1,36.7,50,1.67,6.78
Apr 16 2011 01:00:01 PM,62.2,39.8,50,2.83,7.28
Apr 16 2011 01:30:01 PM,60.5,36.7,50,3.28,7.06
Apr 16 2011 02:00:01 PM,60.5,38.4,50,3.11,7.67
Apr 16 2011 02:30:01 PM,58.3,50.5,75,2.33,7.28
Apr 16 2011 03:00:01 PM,57.6,50,75,3.28,7.39
Apr 16 2011 03:30:01 PM,62.2,38.5,50,2.11,7.11
Apr 16 2011 04:00:01 PM,58,50.4,75,2.83,6.94
Apr 16 2011 04:30:01 PM,63.8,41.3,50,3,8.17
Apr 16 2011 05:00:01 PM,59.8,39.2,50,4.11,7.89
Apr 16 2011 05:30:01 PM,57.6,51.8,75,2.72,7.22
Apr 16 2011 06:00:01 PM,62.7,41.6,50,1.78,7.11
Apr 16 2011 06:30:01 PM,61.9,41.8,50,3.22,8.11
Apr 16 2011 07:00:01 PM,60.3,41.1,50,3.28,6.94
Apr 16 2011 07:30:01 PM,59.9,41.4,50,3.39,7.67
Apr 16 2011 08:00:01 PM,60.2,40.1,50,3.11,7.83
Apr 16 2011 08:30:01 PM,36.6,0,0,17.5,10.33
Apr 16 2011 09:00:01 PM,46.9,0,0,19.17,20.17
Apr 16 2011 09:30:01 PM,54.4,0,0,13.5,23.33
Apr 16 2011 10:00:01 PM,62.8,0,0,9.17,24.5
Apr 16 2011 10:30:01 PM,70.3,0,0,5.5,24.94
Apr 16 2011 11:00:01 PM,77.9,0,0,2.89,25.06
Apr 16 2011 11:30:01 PM,87.3,0,0,0,25.06
Apr 17 2011 12:00:01 AM,100.6,0,0,0,25.11
Apr 17 2011 12:30:01 AM,130.3,0,0,0,25.22
Apr 17 2011 01:00:01 AM,130,0,0,0,25.22
Apr 17 2011 01:30:01 AM,0,0,0,0,0
Apr 17 2011 02:00:01 AM,0,0,0,0,0
Apr 17 2011 02:30:01 AM,0,0,0,0,0
Apr 17 2011 03:00:01 AM,0,0,0,0,0
Apr 17 2011 03:30:01 AM,0,0,0,0,0
Apr 17 2011 04:00:01 AM,0,0,0,0,0
Apr 17 2011 04:30:01 AM,0,0,0,0,0
Apr 17 2011 05:00:01 AM,0,0,0,0,0
Apr 17 2011 05:30:01 AM,0,0,0,0,0
Apr 17 2011 06:00:01 AM,0,0,0,0,0
Apr 17 2011 06:30:01 AM,0,0,0,0,0
Apr 17 2011 07:00:01 AM,57.1,52.6,75,2.56,6.83
Apr 17 2011 07:30:01 AM,61.6,38.4,50,2.94,7.56
Apr 17 2011 08:00:01 AM,63.2,39.5,50,2.61,8.17
Apr 17 2011 08:30:01 AM,58,51.9,75,1.78,7.22
Apr 17 2011 09:00:01 AM,59.2,49.9,75,1.17,7.67
Apr 17 2011 09:30:01 AM,59.8,52.5,75,1.89,7.89
Apr 17 2011 10:00:01 AM,58.3,49,75,1.33,6.78
Apr 17 2011 10:30:01 AM,62.7,39.4,50,2.67,7.56
Apr 17 2011 11:00:01 AM,58.2,50.9,75,2.94,6.67
Apr 17 2011 11:30:01 AM,59.2,50.6,75,1.33,7.11
Apr 17 2011 12:00:01 PM,49.6,43.7,75,8.39,7.72
Apr 17 2011 12:30:01 PM,60,51.9,75,3.06,7.89
Apr 17 2011 01:00:01 PM,58.3,51.4,75,2.5,6.83
Apr 17 2011 01:30:01 PM,60.3,51.7,75,1.5,8.11
Apr 17 2011 02:00:01 PM,61.6,41.5,50,3,7.06
Apr 17 2011 02:30:01 PM,60.8,41.5,50,3,7.22
Apr 17 2011 03:00:01 PM,61.6,39.2,50,3.28,7.22
Apr 17 2011 03:30:01 PM,56.6,49.9,75,7.5,8.78
Apr 17 2011 04:00:01 PM,63.2,41.5,50,2.56,8
Apr 17 2011 04:30:01 PM,62.1,41.9,50,3.56,7.83
Apr 17 2011 05:00:01 PM,61.1,40.6,50,3.44,7.67
Apr 17 2011 05:30:01 PM,60,40,50,3,7.89
Apr 17 2011 06:00:01 PM,62.7,42.6,50,2.78,8.28
Apr 17 2011 06:30:01 PM,62.5,41.4,50,2.94,8.72
Apr 17 2011 07:00:01 PM,48.7,35,50,9.22,7.89
Apr 17 2011 07:30:01 PM,62.4,43.9,50,2.61,7.89
Apr 17 2011 08:00:01 PM,60.9,41.3,50,2.72,7.83
Apr 17 2011 08:30:01 PM,61.2,43.4,25,2.83,8
Apr 17 2011 09:00:01 PM,62.8,23.2,25,4.78,10.5
Apr 17 2011 09:30:01 PM,38.6,0,0,26.39,20.11
Apr 17 2011 10:00:01 PM,46,0,0,19.39,23.44
Apr 17 2011 10:30:01 PM,25.1,0,0,36.06,24.06
Apr 17 2011 11:00:01 PM,33.5,0,0,28.39,24.5
Apr 17 2011 11:30:01 PM,40.2,0,0,22.06,24.67
Apr 18 2011 12:00:01 AM,46.3,0,0,18.44,24.78
Apr 18 2011 12:30:01 AM,52.2,0,0,15.44,24.89
Apr 18 2011 01:00:01 AM,58,0,0,12.22,24.94
Apr 18 2011 01:30:01 AM,63.5,0,0,9.83,25.06
Apr 18 2011 02:00:01 AM,70.6,0,0,6.72,25.06
Apr 18 2011 02:30:01 AM,76.9,0,0,4.89,25.06
Apr 18 2011 03:00:01 AM,82.9,0,0,2.44,25.11
Apr 18 2011 03:30:01 AM,95.3,0,0,0,25.11
Apr 18 2011 04:00:01 AM,121.2,0,0,0,25.11
Apr 18 2011 04:30:01 AM,56.9,47.6,75,12.17,15.28
Apr 18 2011 05:00:01 AM,54.5,52,75,5.72,6
Apr 18 2011 05:30:01 AM,55.4,52,75,0.94,6.22
Apr 18 2011 06:00:01 AM,56.3,54.9,75,2.61,6.83
Apr 18 2011 06:30:01 AM,56.6,54.3,75,0.78,6.94
Apr 18 2011 07:00:01 AM,60.3,38.7,50,3.17,7.83
Apr 18 2011 07:30:01 AM,59.8,36.6,50,3.28,7.5
Apr 18 2011 08:00:01 AM,63.2,39,50,2.94,7.67
Apr 18 2011 08:30:01 AM,55.8,51.2,75,1.72,6.5
Apr 18 2011 09:00:01 AM,59.2,37.3,50,4.89,8
Apr 18 2011 09:30:01 AM,61.6,37.5,50,4,8
Apr 18 2011 10:00:01 AM,63.1,40.9,50,3.83,8.44
Apr 18 2011 10:30:01 AM,61.5,38.7,50,3.06,7.22
Apr 18 2011 11:00:01 AM,61.1,38.9,50,3.94,8.28
Apr 18 2011 11:30:01 AM,59.6,51.4,75,1.22,7.56
Apr 18 2011 12:00:01 PM,59.8,50,75,1.61,7.67
Apr 18 2011 12:30:01 PM,59.8,49.9,75,2.33,7.67
Apr 18 2011 01:00:01 PM,58.7,49.7,75,1.78,6.83
Apr 18 2011 01:30:01 PM,62.7,39.1,50,2.28,7.22
Apr 18 2011 02:00:01 PM,62.2,37.7,50,3.5,7.5
Apr 18 2011 02:30:01 PM,62.5,38.5,50,2.83,7.28
Apr 18 2011 03:00:01 PM,63.4,39.9,50,2.17,7.67
Apr 18 2011 03:30:01 PM,63.4,39.8,50,2.61,7.89
Apr 18 2011 04:00:01 PM,61.9,38,50,3.17,7.11
Apr 18 2011 04:30:01 PM,59.6,50.5,75,2.22,7.67
Apr 18 2011 05:00:01 PM,59,50.1,75,1.44,7.28
Apr 18 2011 05:30:01 PM,58.3,51.6,75,3.28,7.11
Apr 18 2011 06:00:01 PM,25.1,0,0,34.11,13.5
Apr 18 2011 06:30:01 PM,32.4,0,0,27.67,12.72
Apr 18 2011 07:00:01 PM,38.2,0,0,21.33,13
Apr 18 2011 07:30:01 PM,43.2,0,0,18.22,12.83
Apr 18 2011 08:00:01 PM,48.2,0,0,14.78,12.56
Apr 18 2011 08:30:01 PM,53.1,0,0,12.67,12.5
Apr 18 2011 09:00:01 PM,59.3,0,0,9.78,20.89
Apr 18 2011 09:30:01 PM,64.8,0,0,8,23.61
Apr 18 2011 10:00:01 PM,69.8,0,0,5.94,24.5
Apr 18 2011 10:30:01 PM,74.8,0,0,4.39,24.94
Apr 18 2011 11:00:01 PM,80.2,0,0,2.28,25.06
Apr 18 2011 11:30:01 PM,86.7,0,0,0.33,24.94
Apr 19 2011 12:00:01 AM,96.3,0,0,0,24.94
Apr 19 2011 12:30:01 AM,127.3,0,0,0,25.06
Apr 19 2011 01:00:01 AM,127.6,0,0,0,25.06
Apr 19 2011 01:30:01 AM,127.3,0,0,0,25.11
Apr 19 2011 02:00:01 AM,125.4,0,0,0,25.11
Apr 19 2011 02:30:01 AM,123.8,0,0,0,25.11
Apr 19 2011 03:00:01 AM,122.9,0,0,0,25.22
Apr 19 2011 03:30:01 AM,121.2,0,0,0,25.22
Apr 19 2011 04:00:01 AM,119.6,0,0,0,25.22
Apr 19 2011 04:30:01 AM,66.9,61.9,75,7.5,14.11
Apr 19 2011 05:00:01 AM,62.1,38.9,50,3.89,9.83
Apr 19 2011 05:30:01 AM,59,55.3,75,1.67,8.17
Apr 19 2011 06:00:01 AM,58.6,55.3,75,1.06,7.83
Apr 19 2011 06:30:01 AM,58,55.4,75,1.11,7.67
Apr 19 2011 07:00:01 AM,57.4,54.9,75,1.72,7.39
Apr 19 2011 07:30:01 AM,57.6,54.1,75,2,7.39
Apr 19 2011 08:00:01 AM,57.3,52.4,75,1.61,6.83
Apr 19 2011 08:30:01 AM,62.9,41,50,2.61,7.89
Apr 19 2011 09:00:01 AM,61.9,40,50,3.33,7.39
Apr 19 2011 09:30:01 AM,62.7,39,50,3.61,8.17
Apr 19 2011 10:00:01 AM,58.5,52.4,75,2.56,7.28
Apr 19 2011 10:30:01 AM,59.2,50.4,75,2.17,7.56
Apr 19 2011 11:00:01 AM,59.5,51.2,75,3.06,8
Apr 19 2011 11:30:01 AM,60,50.8,75,1.22,7.83
Apr 19 2011 12:00:01 PM,58.5,37.4,50,5.28,7.67
Apr 19 2011 12:30:01 PM,62.2,38.1,50,3.11,7.72
Apr 19 2011 01:00:01 PM,59.6,51.3,75,3.33,7.56
Apr 19 2011 01:30:01 PM,60.2,38.3,50,4.94,7.67
Apr 19 2011 02:00:01 PM,58,49.9,75,6.06,7.11
Apr 19 2011 02:30:01 PM,60,51.5,75,2.06,7.56
Apr 19 2011 03:00:01 PM,55.1,36.7,50,6.5,7.39
Apr 19 2011 03:30:01 PM,59.2,52.1,75,3,7.11
Apr 19 2011 04:00:01 PM,54,36.1,50,7.72,7.5
Apr 19 2011 04:30:01 PM,61.8,39.2,50,3.5,7.56
Apr 19 2011 05:00:01 PM,61.2,40.1,50,3.72,7.28
Apr 19 2011 05:30:01 PM,61.3,40.9,50,3.89,8.44
Apr 19 2011 06:00:01 PM,39.8,0,0,24.72,19.61
Apr 19 2011 06:30:01 PM,57.4,51.2,75,3.56,6.94
Apr 19 2011 07:00:01 PM,26.1,0,0,35.67,13.33
Apr 19 2011 07:30:01 PM,45.4,0,0,21.83,13.17
Apr 19 2011 08:00:01 PM,61.6,0,0,11.56,13.44
Apr 19 2011 08:30:01 PM,76,0,0,4.56,12.5
Apr 19 2011 09:00:01 PM,98,0,0,0,20.89
Apr 19 2011 09:30:01 PM,130,0,0,0,23.44
Apr 19 2011 10:00:01 PM,133.2,0,0,0,24.5
Apr 19 2011 10:30:01 PM,135.1,0,0,0,24.94
Apr 19 2011 11:00:01 PM,135.1,0,0,0,25.11
Apr 19 2011 11:30:01 PM,134.8,0,0,0,25.11
Apr 20 2011 12:00:01 AM,134.7,0,0,0,25.11
Apr 20 2011 12:30:01 AM,134.7,0,0,0,25.11
Apr 20 2011 01:00:01 AM,134.4,0,0,0,25.22
Apr 20 2011 01:30:01 AM,134.2,0,0,0,25.22
Apr 20 2011 02:00:01 AM,134,0,0,0,25.33
Apr 20 2011 02:30:01 AM,133.2,0,0,0,25.33
Apr 20 2011 03:00:01 AM,132.5,0,0,0,25.33
Apr 20 2011 03:30:01 AM,132.2,0,0,0,25.39
Apr 20 2011 04:00:01 AM,131.6,0,0,0,25.39
Apr 20 2011 04:30:01 AM,71.5,61.6,75,6.33,13.44
Apr 20 2011 05:00:01 AM,60.8,39.8,50,4.06,8.61
Apr 20 2011 05:30:01 AM,59.2,33.2,50,11.11,16.22
Apr 20 2011 06:00:01 AM,56.1,52.1,75,2.94,6.22
Apr 20 2011 06:30:01 AM,56.6,51.4,75,1.61,6.61
Apr 20 2011 07:00:01 AM,58,51.2,75,0.89,7.11
Apr 20 2011 07:30:01 AM,57.4,52.4,75,2.06,7.28
Apr 20 2011 08:00:01 AM,58.2,52.2,75,1.44,7.22
Apr 20 2011 08:30:01 AM,59.2,50.4,75,0,7.28
Apr 20 2011 09:00:01 AM,59.9,51.7,75,1.72,8.11
Apr 20 2011 09:30:01 AM,58.6,48.7,75,12.17,6.78
Apr 20 2011 10:00:01 AM,63.2,37.4,50,3.72,7.83
Apr 20 2011 10:30:01 AM,60,50.5,75,1.39,7.5
Apr 20 2011 11:00:01 AM,59.5,50,75,2.22,7.11
Apr 20 2011 11:30:01 AM,57.6,49.3,75,4.78,6.67
Apr 20 2011 12:00:01 PM,57.9,48.5,75,5.28,6.78
Apr 20 2011 12:30:01 PM,59.8,51.4,75,5.89,7.5
Apr 20 2011 01:00:01 PM,60.2,52.3,75,1.72,7.28
Apr 20 2011 01:30:01 PM,60,50.6,75,0.44,6.83
Apr 20 2011 02:00:01 PM,58,52.5,75,2.33,6.61
Apr 20 2011 02:30:01 PM,61.3,54.4,75,2.22,8
Apr 20 2011 03:00:01 PM,59.5,52.1,75,0,6.83
Apr 20 2011 03:30:01 PM,59.2,55,75,0.22,6.67
Apr 20 2011 04:00:01 PM,58.6,56.4,75,0,6.67
Apr 20 2011 04:30:01 PM,59.6,58.4,75,2.33,7.39
Apr 20 2011 05:00:01 PM,60.6,59.1,75,0.33,7.5
Apr 20 2011 05:30:01 PM,59.8,60.8,75,3.11,7.39
Apr 20 2011 06:00:01 PM,68,50.1,50,0.33,9.33
Apr 20 2011 06:30:01 PM,67.9,53.4,50,2.11,9.33
Apr 20 2011 07:00:01 PM,61.6,61.3,75,1.56,8
Apr 20 2011 07:30:01 PM,61.8,64.7,75,1.33,8.61
Apr 20 2011 08:00:01 PM,61.2,63.9,75,2.89,8.61
Apr 20 2011 08:30:01 PM,14,0,0,31.83,12.06
Apr 20 2011 09:00:01 PM,22.8,0,0,37.94,20.89
Apr 20 2011 09:30:01 PM,29.2,0,0,29.94,23.72
Apr 20 2011 10:00:01 PM,34.5,0,0,25.5,24.78
Apr 20 2011 10:30:01 PM,39.6,0,0,21.44,25.11
Apr 20 2011 11:00:01 PM,44.5,0,0,19.5,25.22
Apr 20 2011 11:30:01 PM,49.3,0,0,16.94,25.22
Apr 21 2011 12:00:01 AM,53.8,0,0,14.89,25.22
Apr 21 2011 12:30:01 AM,58.2,0,0,12.83,25.22
Apr 21 2011 01:00:01 AM,62.4,0,0,11.28,25.33
Apr 21 2011 01:30:01 AM,66.7,0,0,9.56,25.39
Apr 21 2011 02:00:01 AM,71.1,0,0,7.5,25.39
Apr 21 2011 02:30:01 AM,76,0,0,6.22,25.5
Apr 21 2011 03:00:01 AM,81.3,0,0,4.44,25.5
Apr 21 2011 03:30:01 AM,88,0,0,2.72,25.5
Apr 21 2011 04:00:01 AM,99.5,0,0,0,25.5
Apr 21 2011 04:30:01 AM,73.8,45.6,50,5.94,15.11
Apr 21 2011 05:00:01 AM,20.6,0,0,30.39,8.11
Apr 21 2011 05:30:01 AM,30.8,0,0,30.5,13.33
Apr 21 2011 06:00:01 AM,60,20.7,25,7.83,10.78
Apr 21 2011 06:30:01 AM,61.8,38.3,50,3.61,7.67
Apr 21 2011 07:00:01 AM,59.3,37.1,50,4.11,7.5
Apr 21 2011 07:30:01 AM,61.2,37.2,50,3.39,7.67
Apr 21 2011 08:00:01 AM,63.2,39.8,50,2.94,8.17
Apr 21 2011 08:30:01 AM,58.7,50.1,75,2.22,7.22
Apr 21 2011 09:00:01 AM,62.5,36.8,50,3.78,7.28
Apr 21 2011 09:30:01 AM,63.1,36.5,50,4.17,7.5
Apr 21 2011 10:00:01 AM,64.1,38.3,50,3.56,7.72
Apr 21 2011 10:30:01 AM,54.1,45.2,75,9.56,7.72
Apr 21 2011 11:00:01 AM,59.3,47.7,75,0.89,6.78
Apr 21 2011 11:30:01 AM,59.5,48.2,75,1.83,6.83
Apr 21 2011 12:00:01 PM,59,45.9,75,2.44,7.06
Apr 21 2011 12:30:01 PM,59,48.5,75,2.22,6.78
Apr 21 2011 01:00:01 PM,61.1,48.2,75,2.83,7.72
Apr 21 2011 01:30:01 PM,59.3,47,75,4.33,6.61
Apr 21 2011 02:00:01 PM,59.6,46.6,75,5.67,7.11
Apr 21 2011 02:30:01 PM,59.2,47.4,75,5.61,6.61
Apr 21 2011 03:00:01 PM,61.3,49.8,75,1.17,7.72
Apr 21 2011 03:30:01 PM,57,45.7,75,0,6.94
Apr 21 2011 04:00:01 PM,64.1,43.2,50,3.56,7.72
Apr 21 2011 04:30:01 PM,65.6,42.1,50,0.94,7.72
Apr 21 2011 05:00:01 PM,56.3,51.3,75,6.06,6.33
Apr 21 2011 05:30:01 PM,55.1,41.2,50,8.83,8.28
Apr 21 2011 06:00:01 PM,68.9,46.8,50,0.67,9.22
Apr 21 2011 06:30:01 PM,63.1,57.4,75,0,8.61
Apr 21 2011 07:00:01 PM,62.1,59.6,75,2.28,8.78
Apr 21 2011 07:30:01 PM,62.8,64.3,75,4.22,8.61
Apr 21 2011 08:00:01 PM,60.8,66.6,75,4.28,8.33
Apr 21 2011 08:30:01 PM,60.6,65.9,75,2.06,11.89
Apr 21 2011 09:00:01 PM,29.5,0,0,34.67,21.56
Apr 21 2011 09:30:01 PM,36.6,0,0,28.28,24.22
Apr 21 2011 10:00:01 PM,42.9,0,0,24.17,24.94
Apr 21 2011 10:30:01 PM,48.9,0,0,20.72,25.11
Apr 21 2011 11:00:01 PM,54.5,0,0,18.56,25.11
Apr 21 2011 11:30:01 PM,59.8,0,0,16.44,25.22
Apr 22 2011 12:00:01 AM,65,0,0,15,25.33
Apr 22 2011 12:30:01 AM,70,0,0,12.94,25.33
Apr 22 2011 01:00:01 AM,75.1,0,0,11.28,25.39
Apr 22 2011 01:30:01 AM,80,0,0,9.28,25.5
Apr 22 2011 02:00:01 AM,85.1,0,0,7.83,25.5
Apr 22 2011 02:30:01 AM,90.3,0,0,5.89,25.61
Apr 22 2011 03:00:01 AM,96.1,0,0,4.22,25.61
Apr 22 2011 03:30:01 AM,103.5,0,0,2.22,25.61
Apr 22 2011 04:00:01 AM,116.3,0,0,0,25.67
Apr 22 2011 04:30:01 AM,137.4,0,0,0,25.67
Apr 22 2011 05:00:01 AM,137.9,0,0,0,25.78
Apr 22 2011 05:30:01 AM,138.4,0,0,0,25.78
Apr 22 2011 06:00:01 AM,138.4,0,0,0,25.78
Apr 22 2011 06:30:01 AM,63.4,57.5,75,11.28,12.72
Apr 22 2011 07:00:01 AM,56.9,45.6,75,1.83,5.78
Apr 22 2011 07:30:01 AM,58.2,47.9,75,3,6.44
Apr 22 2011 08:00:01 AM,63.8,37.5,50,2.72,7.22
Apr 22 2011 08:30:01 AM,63.5,37.3,50,4.33,7.5
Apr 22 2011 09:00:01 AM,62.7,34.7,50,2.28,6.67
Apr 22 2011 09:30:01 AM,63.2,35.8,50,4.39,7.39
Apr 22 2011 10:00:01 AM,60.6,44.2,75,2,7.22
Apr 22 2011 10:30:01 AM,64.5,33.9,50,2.28,7.39
Apr 22 2011 11:00:01 AM,64.1,35.8,50,5,7.72
Apr 22 2011 11:30:01 AM,60,44.5,75,1.94,6.94
Apr 22 2011 12:00:01 PM,62.5,37.5,50,6.11,7.72
Apr 22 2011 12:30:01 PM,62.4,37.7,50,3.78,7.28
Apr 22 2011 01:00:01 PM,63.2,39,50,3.44,7.67
Apr 22 2011 01:30:01 PM,64.2,39.9,50,2.17,7.83
Apr 22 2011 02:00:01 PM,64,40,50,2.61,7.83
Apr 22 2011 02:30:01 PM,63.5,38.2,50,3.17,7.72
Apr 22 2011 03:00:01 PM,64.1,40.6,50,3.67,7.83
Apr 22 2011 03:30:01 PM,64.4,40.5,50,2.72,7.89
Apr 22 2011 04:00:01 PM,68.4,21.7,25,8.17,17.17
Apr 22 2011 04:30:01 PM,63.7,34.2,50,8.17,12.89
Apr 22 2011 05:00:01 PM,54.7,31.9,50,8.83,8.33
Apr 22 2011 05:30:01 PM,65,36.1,50,4.06,8.5
Apr 22 2011 06:00:01 PM,42.8,18.4,25,26.61,21.22
Apr 22 2011 06:30:01 PM,35.4,32.8,50,18.17,6.44
Apr 22 2011 07:00:01 PM,66.7,38.7,50,4,9.67
Apr 22 2011 07:30:01 PM,61.5,48.8,75,2.28,8.11
Apr 22 2011 08:00:01 PM,66.1,39.8,50,3.28,9.11
Apr 22 2011 08:30:01 PM,65.6,39.8,50,3.28,12.33
Apr 22 2011 09:00:01 PM,30.9,0,0,33.17,21.67
Apr 22 2011 09:30:01 PM,37.1,0,0,26.94,23.94
Apr 22 2011 10:00:01 PM,43.1,0,0,23.56,24.61
Apr 22 2011 10:30:01 PM,48.6,0,0,20.39,24.89
Apr 22 2011 11:00:01 PM,54.1,0,0,18.28,25.06
Apr 22 2011 11:30:01 PM,59.2,0,0,16,25.11
Apr 23 2011 12:00:01 AM,64.1,0,0,14.33,25.22
Apr 23 2011 12:30:01 AM,68.9,0,0,12.28,25.33
Apr 23 2011 01:00:01 AM,73.5,0,0,11,25.33
Apr 23 2011 01:30:01 AM,78.3,0,0,9.22,25.39
Apr 23 2011 02:00:01 AM,83.2,0,0,7.61,25.5
Apr 23 2011 02:30:01 AM,88.6,0,0,6.5,25.5
Apr 23 2011 03:00:01 AM,94.1,0,0,4.78,25.61
Apr 23 2011 03:30:01 AM,100.3,0,0,3.06,25.61
Apr 23 2011 04:00:01 AM,108.6,0,0,0.56,25.67
Apr 23 2011 04:30:01 AM,125.3,0,0,0,25.67
Apr 23 2011 05:00:01 AM,137.9,0,0,0,25.78
Apr 23 2011 05:30:01 AM,138.4,0,0,0,25.83
Apr 23 2011 06:00:01 AM,138.4,0,0,0,26.11
Apr 23 2011 06:30:01 AM,73.8,59.8,75,8.94,16.83
Apr 23 2011 07:00:01 AM,55.1,57.7,100,1.67,6.67
Apr 23 2011 07:30:01 AM,53.1,55.6,100,0.78,5.89
Apr 23 2011 08:00:01 AM,58.5,49.8,75,2.83,0
Apr 23 2011 08:30:01 AM,58.6,47.7,75,2.39,0
Apr 23 2011 09:00:01 AM,58.7,46.5,75,2.5,0
Apr 23 2011 09:30:01 AM,58,45.5,75,3.33,0
Apr 23 2011 10:00:01 AM,58.5,46.1,75,1.39,0
Apr 23 2011 10:30:01 AM,58.3,44.8,75,2.17,0
Apr 23 2011 11:00:01 AM,58.7,46.5,75,2.83,0
Apr 23 2011 11:30:01 AM,58.7,46.7,75,3,0
Apr 23 2011 12:00:01 PM,58.9,46.2,75,1.72,0
Apr 23 2011 12:30:01 PM,58.7,45.9,75,2.72,0
Apr 23 2011 01:00:01 PM,64.1,36.9,50,3.61,0
Apr 23 2011 01:30:01 PM,24.4,0,0,39.17,0
Apr 23 2011 02:00:01 PM,64.5,36,50,5.56,0
Apr 23 2011 02:30:01 PM,57.3,45,75,4,0
Apr 23 2011 03:00:01 PM,58.6,47,75,3.39,0
Apr 23 2011 03:30:01 PM,24.2,0,0,38.06,0
Apr 23 2011 04:00:01 PM,17.9,0,0,33.61,0
Apr 23 2011 04:30:01 PM,25.7,0,0,35.17,0
Apr 23 2011 05:00:01 PM,30.8,0,0,28.39,0
Apr 23 2011 05:30:01 PM,35.4,0,0,25.5,0
Apr 23 2011 06:00:01 PM,39.8,0,0,21.78,0
Apr 23 2011 06:30:01 PM,44,0,0,20.06,0
Apr 23 2011 07:00:01 PM,48,0,0,17.39,0
Apr 23 2011 07:30:01 PM,52.1,0,0,15.83,0
Apr 23 2011 08:00:01 PM,56.3,0,0,13.39,0
Apr 23 2011 08:30:01 PM,60.6,0,0,11.06,0
Apr 23 2011 09:00:01 PM,66.4,0,0,9.11,0
Apr 23 2011 09:30:01 PM,71.1,0,0,7.28,0
Apr 23 2011 10:00:01 PM,75.7,0,0,6.22,0
Apr 23 2011 10:30:01 PM,80.3,0,0,5.17,0
Apr 23 2011 11:00:01 PM,85.3,0,0,4.61,0
Apr 23 2011 11:30:01 PM,90.5,0,0,3.61,0
Apr 24 2011 12:00:01 AM,96.4,0,0,2.28,0
Apr 24 2011 12:30:01 AM,104.4,0,0,0.22,0
Apr 24 2011 01:00:01 AM,119.5,0,0,0,0
Apr 24 2011 01:30:01 AM,137.6,0,0,0,0
Apr 24 2011 02:00:01 AM,0,0,0,0,0
Apr 24 2011 02:30:01 AM,0,0,0,0,0
Apr 24 2011 03:00:01 AM,0,0,0,0,0
Apr 24 2011 03:30:01 AM,0,0,0,0,0
Apr 24 2011 04:00:01 AM,0,0,0,0,0
Apr 24 2011 04:30:01 AM,0,0,0,0,0
Apr 24 2011 05:00:01 AM,27.4,0,0,34.33,12.89
Apr 24 2011 05:30:01 AM,28,0,0,33.33,12.83
Apr 24 2011 06:00:01 AM,69,18.3,25,5.11,11.06
Apr 24 2011 06:30:01 AM,61.8,38.2,50,2.61,7.56
Apr 24 2011 07:00:01 AM,61.2,38.8,50,3.39,8.11
Apr 24 2011 07:30:01 AM,52.9,31.6,50,5.61,7.56
Apr 24 2011 08:00:01 AM,61.1,37.2,50,3.11,7.83
Apr 24 2011 08:30:01 AM,59.3,49.7,75,0.72,7.5
Apr 24 2011 09:00:01 AM,59.8,50,75,2.28,7.89
Apr 24 2011 09:30:01 AM,60.2,48.8,75,2.22,7.28
Apr 24 2011 10:00:01 AM,55.7,51.9,100,0,7.06
Apr 24 2011 10:30:01 AM,55.8,56.1,100,4,7.06
Apr 24 2011 11:00:01 AM,54.4,57.1,100,4.67,5.78
Apr 24 2011 11:30:01 AM,59.6,50.7,75,1.28,6.67
Apr 24 2011 12:00:01 PM,59.9,51.9,75,2.22,6.78
Apr 24 2011 12:30:01 PM,54.8,60.4,100,1.28,5.78
Apr 24 2011 01:00:01 PM,53.8,62,100,1.28,5.72
Apr 24 2011 01:30:01 PM,53.7,55.5,75,8.5,6.61
Apr 24 2011 02:00:01 PM,59.3,60.2,75,2.22,6.94
Apr 24 2011 02:30:01 PM,59,59.9,75,1.67,6.78
Apr 24 2011 03:00:01 PM,57.7,57.8,75,0.56,6.83
Apr 24 2011 03:30:01 PM,59,60.3,75,0.11,6.67
Apr 24 2011 04:00:01 PM,59.2,61.8,75,2,7.28
Apr 24 2011 04:30:01 PM,59.3,62.9,75,2.39,7.28
Apr 24 2011 05:00:01 PM,59.8,62.2,75,0.94,7.28
Apr 24 2011 05:30:01 PM,60.2,49.2,50,3.39,8.17
Apr 24 2011 06:00:01 PM,66.3,54.8,50,2.5,9.11
Apr 24 2011 06:30:01 PM,66.9,55.3,50,1.61,9.06
Apr 24 2011 07:00:01 PM,67.4,54.8,50,0.56,9.22
Apr 24 2011 07:30:01 PM,66,54.9,50,2.11,8.89
Apr 24 2011 08:00:01 PM,66.6,55.8,50,1.11,8.89
Apr 24 2011 08:30:01 PM,23.4,0,0,30.56,11.78
Apr 24 2011 09:00:01 PM,32.9,0,0,30.83,21.33
Apr 24 2011 09:30:01 PM,40,0,0,24.11,24.17
Apr 24 2011 10:00:01 PM,46.4,0,0,20.67,25.06
Apr 24 2011 10:30:01 PM,52.4,0,0,18.11,25.39
Apr 24 2011 11:00:01 PM,57.9,0,0,15.61,25.39
Apr 24 2011 11:30:01 PM,63.4,0,0,13.61,25.39
Apr 25 2011 12:00:01 AM,68.9,0,0,11.78,25.5
Apr 25 2011 12:30:01 AM,74,0,0,10.56,25.5
Apr 25 2011 01:00:01 AM,79,0,0,8.83,25.61
Apr 25 2011 01:30:01 AM,84.2,0,0,7.22,25.61
Apr 25 2011 02:00:01 AM,89.8,0,0,5.22,25.67
Apr 25 2011 02:30:01 AM,95.8,0,0,3.67,25.78
Apr 25 2011 03:00:01 AM,103.8,0,0,1.5,25.78
Apr 25 2011 03:30:01 AM,119.6,0,0,0,25.78
Apr 25 2011 04:00:01 AM,137.1,0,0,0,25.83
Apr 25 2011 04:30:01 AM,76.1,45.9,50,5.44,13.61
Apr 25 2011 05:00:01 AM,57.9,36.5,50,6.33,8.89
Apr 25 2011 05:30:01 AM,57.9,36.5,50,6.33,8.89
Apr 25 2011 06:00:01 AM,57.9,36.5,50,6.33,8.89
Apr 25 2011 06:30:01 AM,57.9,36.5,50,6.33,8.89
Apr 25 2011 07:00:01 AM,57.9,36.5,50,6.33,8.89
Apr 25 2011 07:30:01 AM,57.9,36.5,50,6.33,8.89
Apr 25 2011 08:00:01 AM,57.9,36.5,50,6.33,8.89
Apr 25 2011 08:30:01 AM,57.9,36.5,50,6.33,8.89
Apr 25 2011 09:00:01 AM,57.9,36.5,50,6.33,8.89
Apr 25 2011 09:30:01 AM,57.9,36.5,50,6.33,8.89
Apr 25 2011 10:00:01 AM,57.9,36.5,50,6.33,8.89
Apr 25 2011 10:30:01 AM,57.9,36.5,50,6.33,8.89
Apr 25 2011 11:00:01 AM,57.9,36.5,50,6.33,8.89
Apr 25 2011 11:30:01 AM,57.9,36.5,50,6.33,8.89
Apr 25 2011 12:00:01 PM,57.9,36.5,50,6.33,8.89
Apr 25 2011 12:30:01 PM,57.9,36.5,50,6.33,8.89
Apr 25 2011 01:00:01 PM,0,0,0,0,0
Apr 25 2011 01:30:01 PM,25,0,0,37.72,15.44
Apr 25 2011 02:00:01 PM,64,42.3,75,0,8.94
Apr 25 2011 02:30:01 PM,51.8,49.5,100,2.5,5.89
Apr 25 2011 03:00:01 PM,55.1,58.9,100,5.94,6.17
Apr 25 2011 03:30:01 PM,55.3,53.3,75,8.44,6.78
Apr 25 2011 04:00:01 PM,58.6,57.8,75,3.39,6.67
Apr 25 2011 04:30:01 PM,58.9,60.4,75,2.11,6.61
Apr 25 2011 05:00:01 PM,60.3,64.6,75,1.78,7.56
Apr 25 2011 05:30:01 PM,54.4,50.8,50,7.83,8.33
Apr 25 2011 06:00:01 PM,68,56.4,50,1.83,9.39
Apr 25 2011 06:30:01 PM,61.6,66.5,75,1.94,8.28
Apr 25 2011 07:00:01 PM,62.4,70.8,75,1.67,8.78
Apr 25 2011 07:30:01 PM,62.7,70.7,75,1.94,8.94
Apr 25 2011 08:00:01 PM,62.7,72.2,75,1.94,8.89
Apr 25 2011 08:30:01 PM,11.4,0,0,39.33,13.06
Apr 25 2011 09:00:01 PM,20.8,0,0,39,21.94
Apr 25 2011 09:30:01 PM,27.7,0,0,31.89,24.5
Apr 25 2011 10:00:01 PM,33.8,0,0,27.33,25.33
Apr 25 2011 10:30:01 PM,39.6,0,0,23.39,25.67
Apr 25 2011 11:00:01 PM,45.1,0,0,21.17,25.83
Apr 25 2011 11:30:01 PM,50.5,0,0,19.22,25.83
Apr 26 2011 12:00:01 AM,55.8,0,0,17.11,25.83
Apr 26 2011 12:30:01 AM,61.1,0,0,14.94,25.94
Apr 26 2011 01:00:01 AM,66.1,0,0,13.44,26.06
Apr 26 2011 01:30:01 AM,71.1,0,0,11.39,26.06
Apr 26 2011 02:00:01 AM,76.1,0,0,10.22,26.06
Apr 26 2011 02:30:01 AM,81.2,0,0,8.22,26.11
Apr 26 2011 03:00:01 AM,86.3,0,0,6.39,26.22
Apr 26 2011 03:30:01 AM,91.3,0,0,4.17,26.22
Apr 26 2011 04:00:01 AM,97.3,0,0,2.72,26.22
Apr 26 2011 04:30:01 AM,71.3,56.7,75,6.5,12.5
Apr 26 2011 05:00:01 AM,61.3,38.1,50,4.72,7.22
Apr 26 2011 05:30:01 AM,61.3,49.5,75,2.28,8.61
Apr 26 2011 06:00:01 AM,59.9,48.8,75,2.28,7.67
Apr 26 2011 06:30:01 AM,57.3,34.5,50,4,7.28
Apr 26 2011 07:00:01 AM,61.8,37.1,50,3.11,7.22
Apr 26 2011 07:30:01 AM,62.2,38.9,50,2.33,7.11
Apr 26 2011 08:00:01 AM,57.4,48.6,75,2.67,7.22
Apr 26 2011 08:30:01 AM,62.4,38.3,50,3.67,7.56
Apr 26 2011 09:00:01 AM,63.4,38.2,50,2.5,7.67
Apr 26 2011 09:30:01 AM,59.2,49.2,75,5.17,7.22
Apr 26 2011 10:00:01 AM,57.9,45.3,75,0,6.78
Apr 26 2011 10:30:01 AM,59,48.5,75,2.94,6.83
Apr 26 2011 11:00:01 AM,59.9,47.3,75,1.33,7.22
Apr 26 2011 11:30:01 AM,60.3,48.7,75,2.78,7.28
Apr 26 2011 12:00:01 PM,61.3,50.8,75,1.72,7.5
Apr 26 2011 12:30:01 PM,59,53,75,3.72,6.67
Apr 26 2011 01:00:01 PM,58.7,55.3,75,2.72,6.44
Apr 26 2011 01:30:01 PM,58.3,57.5,75,2.33,6.33
Apr 26 2011 02:00:01 PM,59.2,60.4,75,3.33,7.11
Apr 26 2011 02:30:01 PM,59.8,63.6,75,1.11,7.11
Apr 26 2011 03:00:01 PM,59.5,65.3,75,2.11,7.11
Apr 26 2011 03:30:01 PM,58.6,66.7,75,2.5,6.94
Apr 26 2011 04:00:01 PM,58.6,71.3,75,1.78,6.44
Apr 26 2011 04:30:01 PM,63.4,64.7,50,1.72,7.39
Apr 26 2011 05:00:01 PM,63.2,64.9,50,2.56,7.67
Apr 26 2011 05:30:01 PM,59.6,75.7,75,1.78,7.28
Apr 26 2011 06:00:01 PM,27.9,0,0,37.06,19.61
Apr 26 2011 06:30:01 PM,57.3,43.8,75,3.72,6.44
Apr 26 2011 07:00:01 PM,16,0,0,22.56,10.11
Apr 26 2011 07:30:01 PM,28.6,0,0,33.44,13.17
Apr 26 2011 08:00:01 PM,35.8,0,0,26.94,12.83
Apr 26 2011 08:30:01 PM,42.4,0,0,22.72,12.67
Apr 26 2011 09:00:01 PM,49.8,0,0,18.78,21.5
Apr 26 2011 09:30:01 PM,56.3,0,0,16.67,24.22
Apr 26 2011 10:00:01 PM,62.5,0,0,14.94,25.22
Apr 26 2011 10:30:01 PM,68.6,0,0,12.61,25.39
Apr 26 2011 11:00:01 PM,74.7,0,0,10.56,25.5
Apr 26 2011 11:30:01 PM,80.3,0,0,9,25.61
Apr 27 2011 12:00:01 AM,86.3,0,0,7.72,25.67
Apr 27 2011 12:30:01 AM,92.2,0,0,6.06,25.78
Apr 27 2011 01:00:01 AM,98.6,0,0,4.67,25.83
Apr 27 2011 01:30:01 AM,104.4,0,0,3.17,25.94
Apr 27 2011 02:00:01 AM,112.2,0,0,1.28,25.94
Apr 27 2011 02:30:01 AM,124,0,0,0,26.06
Apr 27 2011 03:00:01 AM,138.4,0,0,0,26.11
Apr 27 2011 03:30:01 AM,138.4,0,0,0,26.11
Apr 27 2011 04:00:01 AM,138.4,0,0,0,26.22
Apr 27 2011 04:30:01 AM,74.8,57,75,1.89,13.61
Apr 27 2011 05:00:01 AM,59.3,28.1,50,0,8.17
Apr 27 2011 05:30:01 AM,83.7,20.1,25,4.11,18.28
Apr 27 2011 06:00:01 AM,56.4,46.5,75,2.67,5.89
Apr 27 2011 06:30:01 AM,57.3,47.8,75,6.33,6.94
Apr 27 2011 07:00:01 AM,59.8,48,75,1.44,7.67
Apr 27 2011 07:30:01 AM,62.7,38.5,50,4.39,7.5
Apr 27 2011 08:00:01 AM,58.2,47.9,75,6.28,7.11
Apr 27 2011 08:30:01 AM,60.2,49.1,75,2.78,8
Apr 27 2011 09:00:01 AM,59,47.5,75,2.94,7.06
Apr 27 2011 09:30:01 AM,54.8,53.6,100,0,6.5
Apr 27 2011 10:00:01 AM,58.2,49,75,4.83,6.94
Apr 27 2011 10:30:01 AM,59.9,48.7,75,1.72,7.22
Apr 27 2011 11:00:01 AM,59.2,49.4,75,1.39,6.67
Apr 27 2011 11:30:01 AM,58.9,50.8,75,2.5,6.44
Apr 27 2011 12:00:01 PM,59.8,51.8,75,1.78,7.11
Apr 27 2011 12:30:01 PM,58.5,50.4,75,3.94,7.22
Apr 27 2011 01:00:01 PM,59.8,0,0,0,7.22
Apr 27 2011 01:30:01 PM,59,0,0,0,6.94
Apr 27 2011 02:00:01 PM,58.7,0,0,0,7.11
Apr 27 2011 02:30:01 PM,59.2,0,0,0,6.5
Apr 27 2011 03:00:01 PM,0,0,0,0,0
Apr 27 2011 03:30:01 PM,0,0,0,0,0
Apr 27 2011 04:00:01 PM,33.5,0,0,32.56,18.56
Apr 27 2011 04:30:01 PM,57.6,46.2,75,2.89,6.06
Apr 27 2011 05:00:01 PM,58.2,47.4,75,2.83,6.5
Apr 27 2011 05:30:01 PM,60.3,37.4,50,5.11,7.56
Apr 27 2011 06:00:01 PM,55.4,47.1,75,9.5,9.5
Apr 27 2011 06:30:01 PM,61.2,50.2,75,1.78,8.28
Apr 27 2011 07:00:01 PM,62.4,52.3,75,1.33,9.06
Apr 27 2011 07:30:01 PM,63.4,52.7,75,1.94,9.56
Apr 27 2011 08:00:01 PM,60.5,51.5,75,2.39,7.89
Apr 27 2011 08:30:01 PM,28.9,0,0,27.67,12.89
Apr 27 2011 09:00:01 PM,41.4,0,0,26.78,21.5
Apr 27 2011 09:30:01 PM,49.2,0,0,20.06,24.22
Apr 27 2011 10:00:01 PM,56.1,0,0,16.56,25.06
Apr 27 2011 10:30:01 PM,63.7,0,0,13.28,25.39
Apr 27 2011 11:00:01 PM,69.8,0,0,10.44,25.39
Apr 27 2011 11:30:01 PM,75.7,0,0,8.39,25.61
Apr 28 2011 12:00:01 AM,81.9,0,0,6,25.67
Apr 28 2011 12:30:01 AM,88.3,0,0,4.22,25.78
Apr 28 2011 01:00:01 AM,94.4,0,0,2.39,25.83
Apr 28 2011 01:30:01 AM,101.8,0,0,0.78,25.83
Apr 28 2011 02:00:01 AM,114.1,0,0,0,25.94
Apr 28 2011 02:30:01 AM,137.9,0,0,0,25.94
Apr 28 2011 03:00:01 AM,138.4,0,0,0,26.06
Apr 28 2011 03:30:01 AM,138.4,0,0,0,26.06
Apr 28 2011 04:00:01 AM,138.4,0,0,0,26.06
Apr 28 2011 04:30:01 AM,70.5,57.7,75,4.06,11.94
Apr 28 2011 05:00:01 AM,58.6,49,75,1.17,7.22
Apr 28 2011 05:30:01 AM,58.6,49,75,1.17,7.22
Apr 28 2011 06:00:01 AM,59.9,52,75,1.33,7.83
Apr 28 2011 06:30:01 AM,58.5,52.7,75,3,7.89
Apr 28 2011 07:00:01 AM,63.7,39.4,50,2.28,8.17
Apr 28 2011 07:30:01 AM,62.8,41.5,50,3.06,8.28
Apr 28 2011 08:00:01 AM,64.8,40.3,50,2.61,9.33
Apr 28 2011 08:30:01 AM,64.7,40.8,50,3.44,8.78
Apr 28 2011 09:00:01 AM,65.6,40.7,50,3.06,8.89
Apr 28 2011 09:30:01 AM,63.1,39,50,5.39,8.89
Apr 28 2011 10:00:01 AM,64.4,39.3,50,4.06,8.78
Apr 28 2011 10:30:01 AM,59.5,49.7,75,4.78,7.89
Apr 28 2011 11:00:01 AM,64.4,40.3,50,3.67,8.5
Apr 28 2011 11:30:01 AM,64.5,38.9,50,2.94,8.28
Apr 28 2011 12:00:01 PM,63.2,40.3,50,3.22,7.72
Apr 28 2011 12:30:01 PM,63.5,40.3,50,2.56,7.67
Apr 28 2011 01:00:01 PM,63.7,39.3,50,2.83,7.56
Apr 28 2011 01:30:01 PM,65.7,42,50,2.39,8.72
Apr 28 2011 02:00:01 PM,60.5,51.3,75,2.89,7.89
Apr 28 2011 02:30:01 PM,59.3,51,75,2.56,7.67
Apr 28 2011 03:00:01 PM,60,52.1,75,1.67,7.67
Apr 28 2011 03:30:01 PM,65.3,42.6,50,2.5,8.61
Apr 28 2011 04:00:01 PM,64.8,43.4,50,2.83,8.61
Apr 28 2011 04:30:01 PM,64.7,43,50,3.28,8.5
Apr 28 2011 05:00:01 PM,64.4,41.3,50,3,8.33
Apr 28 2011 05:30:01 PM,64.8,22.4,25,6.17,10.67
Apr 28 2011 06:00:01 PM,34.2,0,0,32.22,14.17
Apr 28 2011 06:30:01 PM,47.9,0,0,20.89,13.61
Apr 28 2011 07:00:01 PM,55,0,0,15.61,13.44
Apr 28 2011 07:30:01 PM,61.5,0,0,11.94,13.06
Apr 28 2011 08:00:01 PM,67.9,0,0,8.67,12.72
Apr 28 2011 08:30:01 PM,74.5,0,0,6.17,12.56
Apr 28 2011 09:00:01 PM,85.4,0,0,2.67,21.39
Apr 28 2011 09:30:01 PM,96.7,0,0,0,24.17
Apr 28 2011 10:00:01 PM,111.3,0,0,0,24.89
Apr 28 2011 10:30:01 PM,135.7,0,0,0,25.11
Apr 28 2011 11:00:01 PM,136.6,0,0,0,25.33
Apr 28 2011 11:30:01 PM,137.1,0,0,0,25.39
Apr 29 2011 12:00:01 AM,137.3,0,0,0,25.5
Apr 29 2011 12:30:01 AM,137.1,0,0,0,25.61
Apr 29 2011 01:00:01 AM,136.3,0,0,0,25.61
Apr 29 2011 01:30:01 AM,135,0,0,0,25.67
Apr 29 2011 02:00:01 AM,133.2,0,0,0,25.67
Apr 29 2011 02:30:01 AM,132.2,0,0,0,25.78
Apr 29 2011 03:00:01 AM,130.5,0,0,0,25.78
Apr 29 2011 03:30:01 AM,128.4,0,0,0,25.78
Apr 29 2011 04:00:01 AM,127,0,0,0,25.78
Apr 29 2011 04:30:01 AM,126.1,0,0,0,25.83
Apr 29 2011 05:00:01 AM,125.5,0,0,0,25.83
Apr 29 2011 05:30:01 AM,125.3,0,0,0,25.94
Apr 29 2011 06:00:01 AM,125.5,0,0,0,25.94
Apr 29 2011 06:30:01 AM,68.2,59.1,75,0,14.17
Apr 29 2011 07:00:01 AM,62.2,40,50,2.89,7.83
Apr 29 2011 07:30:01 AM,32.9,0,0,6.28,9.5
Apr 29 2011 08:00:01 AM,62.7,39,50,3.22,8
Apr 29 2011 08:30:01 AM,60.2,37.8,50,4.06,7.89
Apr 29 2011 09:00:01 AM,40,0,0,28.06,13.33
Apr 29 2011 09:30:01 AM,57.9,0,0,20.28,12.83
Apr 29 2011 10:00:01 AM,73.2,0,0,13.06,13
Apr 29 2011 10:30:01 AM,62.9,37.5,50,3.17,8.17
Apr 29 2011 11:00:01 AM,62.2,36.7,50,2.56,7.72
Apr 29 2011 11:30:01 AM,65,39.3,50,2.78,9.33
Apr 29 2011 12:00:01 PM,62.8,38.5,50,3.5,8.17
Apr 29 2011 12:30:01 PM,59.6,49.2,75,2.5,7.83
Apr 29 2011 01:00:01 PM,64.7,39.9,50,2.61,8.61
Apr 29 2011 01:30:01 PM,64.4,39.8,50,3.67,8.89
Apr 29 2011 02:00:01 PM,60,47.1,75,0,7.72
Apr 29 2011 02:30:01 PM,0,39.7,50,1.83,8.33
Apr 29 2011 03:00:01 PM,0,39,50,2.33,0
Apr 29 2011 03:30:01 PM,0,37.6,50,2.83,0
Apr 29 2011 04:00:01 PM,0,0,0,25.28,0
Apr 29 2011 04:30:01 PM,0,37.3,50,2.89,0
Apr 29 2011 05:00:01 PM,0,0,0,0,0
Apr 29 2011 05:30:01 PM,39.6,0,0,22.06,13.83
Apr 29 2011 06:00:01 PM,42.8,0,0,20.67,17.89
Apr 29 2011 06:30:01 PM,60.9,47,75,0,8.11
Apr 29 2011 07:00:01 PM,31.2,0,0,27.28,11.56
Apr 29 2011 07:30:01 PM,40.5,0,0,24.83,12.5
Apr 29 2011 08:00:01 PM,46.9,0,0,18.61,12.72
Apr 29 2011 08:30:01 PM,52.8,0,0,14.89,12.72
Apr 29 2011 09:00:01 PM,60.3,0,0,10.72,20.78
Apr 29 2011 09:30:01 PM,66.7,0,0,8.78,23.44
Apr 29 2011 10:00:01 PM,72.5,0,0,6.5,24.39
Apr 29 2011 10:30:01 PM,78.3,0,0,4.17,24.78
Apr 29 2011 11:00:01 PM,84.7,0,0,2.61,24.94
Apr 29 2011 11:30:01 PM,91.3,0,0,0.72,25.11
Apr 30 2011 12:00:01 AM,100.6,0,0,0,25.22
Apr 30 2011 12:30:01 AM,131.2,0,0,0,25.33
Apr 30 2011 01:00:01 AM,132.2,0,0,0,25.39
Apr 30 2011 01:30:01 AM,132.5,0,0,0,25.39
Apr 30 2011 02:00:01 AM,132.8,0,0,0,25.5
Apr 30 2011 02:30:01 AM,133.4,0,0,0,25.61
Apr 30 2011 03:00:01 AM,133.4,0,0,0,25.61
Apr 30 2011 03:30:01 AM,132.5,0,0,0,25.67
Apr 30 2011 04:00:01 AM,131.8,0,0,0,25.67
Apr 30 2011 04:30:01 AM,130.8,0,0,0,25.78
Apr 30 2011 05:00:01 AM,131.8,0,0,0,25.83
Apr 30 2011 05:30:01 AM,134,0,0,0,26.11
Apr 30 2011 06:00:01 AM,135.8,0,0,0,26.33
Apr 30 2011 06:30:01 AM,68.6,58.4,75,7.33,12.5
Apr 30 2011 07:00:01 AM,53.8,58.9,100,2.72,6.5
Apr 30 2011 07:30:01 AM,59.2,51.5,75,4.44,7.56
Apr 30 2011 08:00:01 AM,48.7,30.7,50,3.78,7.89
Apr 30 2011 08:30:01 AM,65.3,40,50,2.17,8.78
Apr 30 2011 09:00:01 AM,62.7,37.7,50,4,8.33
Apr 30 2011 09:30:01 AM,55.7,45.4,75,9.39,8.44
Apr 30 2011 10:00:01 AM,61.1,49,75,1.5,8.11
Apr 30 2011 10:30:01 AM,61.1,49,75,1.5,8.11
Apr 30 2011 11:00:01 AM,61.1,49,75,1.5,8.11
Apr 30 2011 11:30:01 AM,61.1,49,75,1.5,8.11
Apr 30 2011 12:00:01 PM,61.1,49,75,1.5,8.11
Apr 30 2011 12:30:01 PM,61.1,49,75,1.5,8.11
Apr 30 2011 01:00:01 PM,61.1,49,75,1.5,8.11
Apr 30 2011 01:30:01 PM,61.1,49,75,1.5,8.11
Apr 30 2011 02:00:01 PM,61.1,49,75,1.5,8.11
Apr 30 2011 02:30:01 PM,61.1,49,75,1.5,8.11
Apr 30 2011 03:00:01 PM,61.1,49,75,1.5,8.11
Apr 30 2011 03:30:01 PM,61.1,49,75,1.5,8.11
Apr 30 2011 04:00:01 PM,61.1,49,75,1.5,8.11
Apr 30 2011 04:30:01 PM,61.1,49,75,1.5,8.11
Apr 30 2011 05:00:01 PM,28.6,0,0,35.22,14.72
Apr 30 2011 05:30:01 PM,64.1,37,50,3.39,8.44
Apr 30 2011 06:00:01 PM,60.3,34.1,50,4.89,8.61
Apr 30 2011 06:30:01 PM,60.3,49.8,75,6.67,9.67
Apr 30 2011 07:00:01 PM,22.8,0,0,38.94,15.11
Apr 30 2011 07:30:01 PM,63.2,37.1,50,4.39,9.06
Apr 30 2011 08:00:01 PM,64.7,37.6,50,4.72,9.39
Apr 30 2011 08:30:01 PM,65,38.1,50,3.78,9.11
Apr 30 2011 09:00:01 PM,35.8,0,0,30.83,20.56
Apr 30 2011 09:30:01 PM,45,0,0,23,23.89
Apr 30 2011 10:00:01 PM,52.5,0,0,18.72,24.94
Apr 30 2011 10:30:01 PM,59.5,0,0,15.22,25.11
Apr 30 2011 11:00:01 PM,66,0,0,13,25.33
Apr 30 2011 11:30:01 PM,72.2,0,0,10.83,25.39
